id,slug,link,title,date,modified,days_stale,categories,words,images,internal_links,score,band,reason
153,summer-vacation-nail-ideas,https://nailosmetic.com/summer-vacation-nail-ideas/,Hot Summer Vacation Nail Ideas for 2026,2026-04-10,2026-05-20,131,Seasonal Trends,296,3,0,64.1,high,thin (296 words); no internal links
900,cute-prom-pictures-ideas,https://nailosmetic.com/cute-prom-pictures-ideas/,7 Viral Poses and Outfits for The Most Aesthetic Cute Prom Pictures,2026-05-10,2026-05-20,131,Styles &amp; Fashion,311,3,1,61.8,high,thin (311 words); only 1 internal links
917,coquette-nail-designs,https://nailosmetic.com/coquette-nail-designs/,7 Viral Coquette Nail Designs You Need to Try This Season,2026-05-11,2026-05-20,131,Aesthetic &amp; Art,322,3,1,61.5,high,thin (322 words); only 1 internal links
932,prom-makeup-tutorial-hacks,https://nailosmetic.com/prom-makeup-tutorial-hacks/,7 Viral Prom Makeup Tutorial Hacks to Guarantee You Slay the Dance Floor,2026-05-12,2026-05-20,131,Hair &amp; Beauty,338,3,1,61.1,high,thin (338 words); only 1 internal links
912,chic-winter-outfits-trends,https://nailosmetic.com/chic-winter-outfits-trends/,7 Winter Outfits That Will Make You Look Expensive All Season,2026-05-10,2026-05-20,131,Styles &amp; Fashion,341,3,1,61.0,high,thin (341 words); only 1 internal links
937,perfect-wash-and-go-curly-hair,https://nailosmetic.com/perfect-wash-and-go-curly-hair/,5 Game-Changing Secrets to the Perfect Wash and Go Curly Hair,2026-05-13,2026-05-20,131,Hair &amp; Beauty,369,3,1,60.3,high,thin (369 words); only 1 internal links
922,creative-3d-aesthetic-nail-art,https://nailosmetic.com/creative-3d-aesthetic-nail-art/,7 Viral 3D Nail Art Designs You Need to Try This Season,2026-05-11,2026-05-20,131,Aesthetic &amp; Art,373,3,1,60.2,high,thin (373 words); only 1 internal links
927,honey-blonde-highlights-ideas,https://nailosmetic.com/honey-blonde-highlights-ideas/,7 Honey Blonde Highlights Ideas to Brighten Your Mane Instantly,2026-05-12,2026-05-20,131,Hair &amp; Beauty,371,3,1,60.2,high,thin (371 words); only 1 internal links
53,spring-nail-designs-inspo,https://nailosmetic.com/spring-nail-designs-inspo/,25+ Stunning Spring Nail Designs You Will Obsess Over in 2026,2026-04-03,2026-05-20,131,Seasonal Trends,401,4,0,57.3,high,thin (401 words); no internal links
589,essential-clothes-guide,https://nailosmetic.com/essential-clothes-guide/,15 Essential Clothes for Every Stylish Wardrobe in 2024,2026-04-25,2026-05-20,131,Styles &amp; Fashion,216,6,1,56.3,high,thin (216 words); only 1 internal links
549,maxi-skirt-outfit-ideas,https://nailosmetic.com/maxi-skirt-outfit-ideas/,25+ Stunning Maxi Skirt Outfit Ideas You Need To Try Now,2026-04-24,2026-05-20,131,Styles &amp; Fashion,259,5,1,55.2,high,thin (259 words); only 1 internal links
765,french-tip-nail-designs,https://nailosmetic.com/french-tip-nail-designs/,7 Irresistible Spring French Nail Ideas for a Fresh Bloom,2026-05-03,2026-05-20,131,Seasonal Trends,259,7,1,55.2,high,thin (259 words); only 1 internal links
686,natural-no-makeup-hairstyles,https://nailosmetic.com/natural-no-makeup-hairstyles/,12 Chic Hairstyles for Your Ultimate Natural No Makeup Look,2026-04-29,2026-05-20,131,Hair &amp; Beauty,262,6,1,55.1,high,thin (262 words); only 1 internal links
100,chrome-glazed-donut-nails,https://nailosmetic.com/chrome-glazed-donut-nails/,10 Stunning Chrome & Glazed Donut Nail Designs to Try Now,2026-04-03,2026-05-20,131,Chrome &amp; Glazed,419,4,1,54.9,high,thin (419 words); only 1 internal links
787,dazzling-bracelet-ideas,https://nailosmetic.com/dazzling-bracelet-ideas/,7 Dazzling Bracelet Ideas to Instantly Elevate Your Everyday Style,2026-05-04,2026-05-20,131,Styles &amp; Fashion,276,7,1,54.7,high,thin (276 words); only 1 internal links
597,flower-bed-ideas-front-house,https://nailosmetic.com/flower-bed-ideas-front-house/,15+ Stunning Front Yard Landscaping Ideas to Boost Your Home’s Curb Appeal,2026-04-26,2026-05-20,131,Home &amp; Garden,284,6,1,54.5,high,thin (284 words); only 1 internal links
112,creative-3d-aesthetic-nail-art,https://nailosmetic.com/creative-3d-aesthetic-nail-art/,15 Creative 3D Nail Art Ideas and Modern French Tips,2026-04-03,2026-05-20,131,Aesthetic &amp; Art,445,4,1,54.2,high,thin (445 words); only 1 internal links
86,clean-girl-nail-looks,https://nailosmetic.com/clean-girl-nail-looks/,15 Minimalist “Clean Girl” Nail Designs for Everyday Wear,2026-04-03,2026-05-20,131,Minimalist &amp; Clean Girl,462,4,1,53.8,high,thin (462 words); only 1 internal links
726,french-bob-haircut-styles,https://nailosmetic.com/french-bob-haircut-styles/,5 Parisian-Chic French Bob Haircuts You Need to Try Now,2026-05-02,2026-05-20,131,Hair &amp; Beauty,584,4,1,50.5,high,below target depth (584 words); only 1 internal links
487,tulip-farm-outfit-ideas,https://nailosmetic.com/tulip-farm-outfit-ideas/,25+ Dreamy Tulip Farm Outfit Ideas for Your Most Picturesque Moments,2026-04-21,2026-05-20,131,Styles &amp; Fashion,462,5,1,49.8,high,thin (462 words); only 1 internal links
386,concrete-block-garden-beds,https://nailosmetic.com/concrete-block-garden-beds/,25+ Budget-Friendly Concrete Block Garden Bed Ideas for a Stylish Outdoor Space,2026-04-20,2026-05-20,131,Home &amp; Garden,471,5,1,49.5,high,thin (471 words); only 1 internal links
454,deer-proof-garden-fence-ideas,https://nailosmetic.com/deer-proof-garden-fence-ideas/,25+ Ingenious Deer Proof Garden Fence Ideas to Protect Your Paradise,2026-04-21,2026-05-20,131,Home &amp; Garden,479,5,1,49.3,high,thin (479 words); only 1 internal links
203,coffin-nail-designs,https://nailosmetic.com/coffin-nail-designs/,25+ Chic Coffin Nail Designs to Elevate Your Manicure Game,2026-04-13,2026-05-20,131,Aesthetic &amp; Art,570,6,0,48.8,high,below target depth (570 words); no internal links
658,summer-rainy-day-outfit,https://nailosmetic.com/summer-rainy-day-outfit/,25+ Chic Summer Rainy Day Outfit Ideas to Stay Stylishly Dry,2026-04-28,2026-05-20,131,Styles &amp; Fashion,498,5,1,48.8,high,thin (498 words); only 1 internal links
494,shaggy-bob-haircut-for-90s-aesthetic,https://nailosmetic.com/shaggy-bob-haircut-for-90s-aesthetic/,25+ Effortless Shaggy Bob Haircut Ideas to Revitalize Your Look,2026-04-21,2026-05-20,131,Hair &amp; Beauty,517,5,1,48.3,high,below target depth (517 words); only 1 internal links
480,seashell-nail-art-ideas,https://nailosmetic.com/seashell-nail-art-ideas/,25+ Stunning Seashell Nail Art Ideas to Transport You to Paradise,2026-04-21,2026-05-20,131,Nails and Manicure,527,6,1,48.0,high,below target depth (527 words); only 1 internal links
468,tire-garden-ideas,https://nailosmetic.com/tire-garden-ideas/,25+ Brilliant Tire Garden Ideas to Transform Your Outdoor Space,2026-04-21,2026-05-20,131,Home &amp; Garden,537,5,1,47.8,high,below target depth (537 words); only 1 internal links
830,spring-nail-ideas,https://nailosmetic.com/spring-nail-ideas/,Spring Nail Secrets: 7 Gorgeous Ideas to Bloom Your Manicure This Season!,2026-05-07,2026-05-20,131,Seasonal Trends,542,6,1,47.6,high,below target depth (542 words); only 1 internal links
427,mailbox-garden-ideas,https://nailosmetic.com/mailbox-garden-ideas/,25+ Enchanting Mailbox Garden Ideas to Elevate Your Curb Appeal,2026-04-20,2026-05-20,131,Home &amp; Garden,552,5,1,47.4,high,below target depth (552 words); only 1 internal links
778,texas-rangers-outfit-guide,https://nailosmetic.com/texas-rangers-outfit-guide/,Score Big on Style: Your Ultimate Texas Rangers Game Outfit Guide,2026-05-04,2026-05-20,131,Styles &amp; Fashion,554,5,1,47.3,high,below target depth (554 words); only 1 internal links
516,nail-art-for-beginners,https://nailosmetic.com/nail-art-for-beginners/,25+ Effortless Nail Art Ideas for Absolute Beginners,2026-04-22,2026-05-20,131,Nails and Manicure,564,5,1,47.1,high,below target depth (564 words); only 1 internal links
360,perfect-leggings-outfits,https://nailosmetic.com/perfect-leggings-outfits/,15+ Stylish Ways to Master the Perfect Leggings Look,2026-04-20,2026-05-20,131,Styles &amp; Fashion,568,5,1,47.0,high,below target depth (568 words); only 1 internal links
501,back-to-school-nail-art,https://nailosmetic.com/back-to-school-nail-art/,15+ Chic Back to School Nail Art Ideas for a Stylish Return,2026-04-21,2026-05-20,131,Seasonal Trends,579,5,1,46.7,high,below target depth (579 words); only 1 internal links
693,summer-toe-nails-designs,https://nailosmetic.com/summer-toe-nails-designs/,25+ Dazzling Summer Toe Nail Designs for Your Perfect Pedicure,2026-04-29,2026-05-20,131,Seasonal Trends,578,5,1,46.7,high,below target depth (578 words); only 1 internal links
509,korean-nail-art-ideas,https://nailosmetic.com/korean-nail-art-ideas/,25+ Enchanting Korean Nail Art Ideas to Elevate Your Manicure Game,2026-04-22,2026-05-20,131,Aesthetic &amp; Art,582,6,1,46.6,high,below target depth (582 words); only 1 internal links
420,shaggy-bob-haircut-for-90s-aesthetic,https://nailosmetic.com/shaggy-bob-haircut-for-90s-aesthetic/,25+ Shaggy Bob Haircut Ideas: Effortless Cool for Every Vibe,2026-04-20,2026-05-20,131,Hair &amp; Beauty,586,6,1,46.5,high,below target depth (586 words); only 1 internal links
637,light-pink-decor-ideas,https://nailosmetic.com/light-pink-decor-ideas/,25+ Chic Light Pink Home Decor Ideas to Elevate Your Space,2026-04-27,2026-05-20,131,Home &amp; Garden,586,6,1,46.5,high,below target depth (586 words); only 1 internal links
796,baseball-game-outfit,https://nailosmetic.com/baseball-game-outfit/,Score Big Style: 7 Must-Have Baseball Game Outfit Ideas You’ll Love!,2026-05-05,2026-05-20,131,Styles &amp; Fashion,586,7,1,46.5,high,below target depth (586 words); only 1 internal links
441,diy-ponds-backyard,https://nailosmetic.com/diy-ponds-backyard/,25+ Inspiring DIY Ponds Backyard Ideas for a Serene Oasis,2026-04-20,2026-05-20,131,Home &amp; Garden,598,5,1,46.2,high,below target depth (598 words); only 1 internal links
815,white-prom-nails,https://nailosmetic.com/white-prom-nails/,10 Dazzling White Prom Nail Ideas: Your Ultimate Fairytale Finish!,2026-05-06,2026-05-20,131,Aesthetic &amp; Art,595,7,1,46.2,high,below target depth (595 words); only 1 internal links
1443,vacation-outfit-ideas,https://nailosmetic.com/vacation-outfit-ideas/,10 Viral Vacation Outfit Ideas: How to Pack Like a Pro for Your Next Getaway,2026-06-05,2026-06-05,115,Styles &amp; Fashion,565,7,1,45.9,high,below target depth (565 words); only 1 internal links
523,glamorous-birthday-nail-ideas,https://nailosmetic.com/glamorous-birthday-nail-ideas/,20+ Glamorous Birthday Nail Ideas to Celebrate Your Special Day,2026-04-22,2026-05-20,131,Seasonal Trends,612,5,1,45.8,high,below target depth (612 words); only 1 internal links
891,chic-spring-outfits-women,https://nailosmetic.com/chic-spring-outfits-women/,7 Chic Spring Outfits for Women You Need to Try This Season,2026-05-10,2026-05-20,131,Styles &amp; Fashion,614,5,1,45.7,high,below target depth (614 words); only 1 internal links
345,spring-nail-ideas-chic,https://nailosmetic.com/spring-nail-ideas-chic/,25+ Chic Spring Nail Ideas to Elevate Your Manicure Game,2026-04-19,2026-05-20,131,Seasonal Trends,621,5,1,45.5,high,below target depth (621 words); only 1 internal links
740,spring-corporate-outfits,https://nailosmetic.com/spring-corporate-outfits/,Unlock Your Spring Style: 7 Chic Corporate Outfits You Need This Season,2026-05-02,2026-05-20,131,Styles &amp; Fashion,631,5,1,45.3,high,below target depth (631 words); only 1 internal links
804,butterfly-nail-designs,https://nailosmetic.com/butterfly-nail-designs/,Flutter Into Fabulous: 7 Stunning Butterfly Nail Designs You NEED to Try,2026-05-05,2026-05-20,131,Aesthetic &amp; Art,638,6,1,45.1,high,below target depth (638 words); only 1 internal links
866,ultimate-box-braids-styles,https://nailosmetic.com/ultimate-box-braids-styles/,Unlock Your Ultimate Look: 7 Stunning Box Braid Styles to Inspire Your Next Transformation,2026-05-08,2026-05-20,131,Hair &amp; Beauty,644,5,1,44.9,medium,below target depth (644 words); only 1 internal links
210,sizzling-baddie-nail-designs,https://nailosmetic.com/sizzling-baddie-nail-designs/,Unleash Your Inner Boss: 7 Sizzling Baddie Nail Designs That Slay Every Look,2026-04-14,2026-05-20,131,Nails and Manicure,649,5,1,44.8,medium,below target depth (649 words); only 1 internal links
461,wolf-cut-hairstyles-guide,https://nailosmetic.com/wolf-cut-hairstyles-guide/,15+ Mesmerizing Wolf Cut Hairstyles You Need to Try Now,2026-04-21,2026-05-20,131,Hair &amp; Beauty,647,5,1,44.8,medium,below target depth (647 words); only 1 internal links
195,spring-nail-designs,https://nailosmetic.com/spring-nail-designs/,30+ Chic Spring Nail Designs to Blossom Your Look,2026-04-13,2026-05-20,131,Nails and Manicure,722,5,0,44.7,medium,below target depth (722 words); no internal links
530,small-bathroom-ideas,https://nailosmetic.com/small-bathroom-ideas/,20+ Brilliant Small Bathroom Makeover Ideas for a Big Impact,2026-04-23,2026-05-20,131,Home &amp; Garden,651,5,1,44.7,medium,below target depth (651 words); only 1 internal links
241,almond-nail-art-designs,https://nailosmetic.com/almond-nail-art-designs/,10 Exquisite Almond Nail Art Designs for a Luxe Manicure,2026-04-16,2026-05-20,131,Aesthetic &amp; Art,660,5,1,44.5,medium,below target depth (660 words); only 1 internal links
644,tropical-y2k-outfits,https://nailosmetic.com/tropical-y2k-outfits/,20+ Tropical Y2K Outfits: Island Vibes with 2000s Flair,2026-04-27,2026-05-20,131,Styles &amp; Fashion,659,5,1,44.5,medium,below target depth (659 words); only 1 internal links
859,cinco-de-mayo-nails,https://nailosmetic.com/cinco-de-mayo-nails/,6 Fiery Cinco de Mayo Nail Designs That Will Ignite Your Celebration,2026-05-08,2026-05-20,131,Seasonal Trends,665,6,1,44.4,medium,below target depth (665 words); only 1 internal links
188,opulent-nail-art-designs,https://nailosmetic.com/opulent-nail-art-designs/,10 Opulent Nail Art Designs for the Discerning Aficionado,2026-04-12,2026-05-20,131,Aesthetic &amp; Art,671,5,1,44.2,medium,below target depth (671 words); only 1 internal links
701,casual-spring-outfit-ideas,https://nailosmetic.com/casual-spring-outfit-ideas/,15+ Chic Casual Spring Outfit Ideas for Effortless Style,2026-04-30,2026-05-20,131,Styles &amp; Fashion,672,6,1,44.2,medium,below target depth (672 words); only 1 internal links
288,san-francisco-outfits-spring,https://nailosmetic.com/san-francisco-outfits-spring/,25+ Stunning San Francisco Outfits for Spring: Your Ultimate Style Guide,2026-04-18,2026-05-20,131,Styles &amp; Fashion,679,5,1,44.0,medium,below target depth (679 words); only 1 internal links
266,pink-nail-art-designs,https://nailosmetic.com/pink-nail-art-designs/,18 Mesmerizing Pink Nail Art Designs to Elevate Your Style,2026-04-17,2026-05-20,131,Aesthetic &amp; Art,686,6,1,43.8,medium,below target depth (686 words); only 1 internal links
338,spring-bar-outfit-ideas,https://nailosmetic.com/spring-bar-outfit-ideas/,15+ Chic Spring Bar Outfits for Effortless Evening Style,2026-04-19,2026-05-20,131,Styles &amp; Fashion,685,5,1,43.8,medium,below target depth (685 words); only 1 internal links
708,small-bathroom-ideas,https://nailosmetic.com/small-bathroom-ideas/,15 Brilliant Small Bathroom Ideas to Maximize Your Space,2026-05-01,2026-05-20,131,Home &amp; Garden,691,5,1,43.7,medium,below target depth (691 words); only 1 internal links
295,japanese-nail-designs,https://nailosmetic.com/japanese-nail-designs/,15 Exquisite Japanese Nail Designs: A Guide to Elevated Manicures,2026-04-18,2026-05-20,131,Aesthetic &amp; Art,694,5,1,43.6,medium,below target depth (694 words); only 1 internal links
733,soft-glam-makeup-secrets,https://nailosmetic.com/soft-glam-makeup-secrets/,5 Secrets to Master Effortless Soft Glam Makeup That Slays,2026-05-02,2026-05-20,131,Hair &amp; Beauty,696,5,1,43.5,medium,below target depth (696 words); only 1 internal links
651,celestial-nail-art-ideas,https://nailosmetic.com/celestial-nail-art-ideas/,20+ Stellar Celestial Nail Art Ideas That Are Out Of This World,2026-04-27,2026-05-20,131,Aesthetic &amp; Art,706,5,1,43.3,medium,below target depth (706 words); only 1 internal links
720,goddess-braids-styles,https://nailosmetic.com/goddess-braids-styles/,20+ Stunning Goddess Braid Styles to Elevate Your Look,2026-05-01,2026-05-20,131,Hair &amp; Beauty,705,6,1,43.3,medium,below target depth (705 words); only 1 internal links
328,elegant-updo-hairstyles,https://nailosmetic.com/elegant-updo-hairstyles/,15+ Elegant Updo Hairstyles for Every Occasion: Your Guide to Timeless Glamour,2026-04-19,2026-05-20,131,Hair &amp; Beauty,720,5,1,42.9,medium,below target depth (720 words); only 1 internal links
822,square-nail-trends,https://nailosmetic.com/square-nail-trends/,Beyond Basic: 5 Stunning Square Nail Trends You Need to See,2026-05-06,2026-05-20,131,Aesthetic &amp; Art,722,5,1,42.8,medium,below target depth (722 words); only 1 internal links
629,prom-nails-white-ideas,https://nailosmetic.com/prom-nails-white-ideas/,25+ Dreamy White Prom Nails Ideas to Shine on Your Big Night,2026-04-26,2026-05-20,131,Seasonal Trends,732,6,1,42.6,medium,below target depth (732 words); only 1 internal links
274,red-nail-designs-guide,https://nailosmetic.com/red-nail-designs-guide/,20+ Ravishing Red Nail Designs to Ignite Your Style,2026-04-18,2026-05-20,131,Aesthetic &amp; Art,740,6,1,42.4,medium,below target depth (740 words); only 1 internal links
167,7-exquisite-holiday-nail-art-designs,https://nailosmetic.com/7-exquisite-holiday-nail-art-designs/,7 Exquisite Holiday Nail Art Designs to Elevate Your Festive Season,2026-04-12,2026-05-20,131,Seasonal Trends,742,5,1,42.3,medium,below target depth (742 words); only 1 internal links
377,easter-outfit-women-guide,https://nailosmetic.com/easter-outfit-women-guide/,25+ Chic Easter Outfit Ideas for Women: Your Ultimate Style Guide,2026-04-20,2026-05-20,131,Styles &amp; Fashion,746,6,1,42.2,medium,below target depth (746 words); only 1 internal links
875,korean-skincare-routine-secrets,https://nailosmetic.com/korean-skincare-routine-secrets/,Unlock Glass Skin: 7 K-Beauty Routine Secrets You Need Now,2026-05-09,2026-05-20,131,Hair &amp; Beauty,759,7,1,41.9,medium,below target depth (759 words); only 1 internal links
573,chocolate-brown-hair-styles,https://nailosmetic.com/chocolate-brown-hair-styles/,21 Irresistible Chocolate Brown Hair Colors & Styles for a Rich Look,2026-04-24,2026-05-20,131,Hair &amp; Beauty,768,6,1,41.6,medium,below target depth (768 words); only 1 internal links
226,gel-nail-art-ideas,https://nailosmetic.com/gel-nail-art-ideas/,20+ Exquisite Gel Nail Art Ideas to Elevate Your Manicure,2026-04-15,2026-05-20,131,Aesthetic &amp; Art,773,6,1,41.5,medium,below target depth (773 words); only 1 internal links
258,aesthetic-nail-art-looks,https://nailosmetic.com/aesthetic-nail-art-looks/,Beyond Basic: 7 Aesthetic Nail Art Looks You Need to Try Now,2026-04-17,2026-05-20,131,Aesthetic &amp; Art,802,7,1,40.7,medium,below target depth (802 words); only 1 internal links
851,prom-nail-designs-guide,https://nailosmetic.com/prom-nail-designs-guide/,7 Prom Nail Designs You *Need* To See Before The Big Night,2026-05-08,2026-05-20,131,Aesthetic &amp; Art,834,6,1,39.9,medium,below target depth (834 words); only 1 internal links
670,stagecoach-nail-designs,https://nailosmetic.com/stagecoach-nail-designs/,15+ Chic Stagecoach Nail Designs for a Desert Glam Look,2026-04-28,2026-05-20,131,Aesthetic &amp; Art,843,6,1,39.6,medium,below target depth (843 words); only 1 internal links
321,wash-go-curly-hair-styles,https://nailosmetic.com/wash-go-curly-hair-styles/,15 Effortless Wash and Go Curly Hair Styles You Need to Try,2026-04-19,2026-05-20,131,Hair &amp; Beauty,847,5,1,39.5,medium,below target depth (847 words); only 1 internal links
678,organic-cotton-bedding-styles,https://nailosmetic.com/organic-cotton-bedding-styles/,7 Dreamy Organic Cotton Bedding Styles for Your Eco-Chic Sanctuary,2026-04-28,2026-05-20,131,Bedroom Decor,865,6,1,39.0,medium,below target depth (865 words); only 1 internal links
234,luxe-marble-nail-art,https://nailosmetic.com/luxe-marble-nail-art/,"10 Exquisite Marble Nail Art Designs for a Timeless, Luxe Look",2026-04-15,2026-05-20,131,Aesthetic &amp; Art,873,6,1,38.8,medium,below target depth (873 words); only 1 internal links
537,chic-beach-nail-art,https://nailosmetic.com/chic-beach-nail-art/,15+ Chic Beach Nail Art Ideas for Your Luxurious Summer Getaway,2026-04-23,2026-05-20,131,Seasonal Trends,876,5,1,38.7,medium,below target depth (876 words); only 1 internal links
581,genius-drainage-ideas,https://nailosmetic.com/genius-drainage-ideas/,15+ Genius Drainage Ideas to Transform Your Home & Garden,2026-04-25,2026-05-20,131,Home &amp; Garden,906,6,1,37.9,medium,below target depth (906 words); only 1 internal links
249,clean-girl-nail-looks,https://nailosmetic.com/clean-girl-nail-looks/,10 Timeless Clean Girl Nail Looks for Effortless Chic,2026-04-16,2026-05-20,131,Minimalist &amp; Clean Girl,914,6,1,37.7,medium,below target depth (914 words); only 1 internal links
180,6-luxe-nails-elegance,https://nailosmetic.com/6-luxe-nails-elegance/,6 Luxe Nail Art Trends That Redefine Elegance,2026-04-12,2026-05-20,131,Aesthetic &amp; Art,925,6,1,37.4,medium,below target depth (925 words); only 1 internal links
749,lemon-centerpiece-ideas,https://nailosmetic.com/lemon-centerpiece-ideas/,Zest Up Your Space: 7 Lemon Centerpiece Ideas That Wow,2026-05-03,2026-05-20,131,Home &amp; Garden,942,7,1,37.0,medium,below target depth (942 words); only 1 internal links
621,old-money-nail-aesthetic,https://nailosmetic.com/old-money-nail-aesthetic/,Old Money Nail Aesthetic: 7 Chic Manicures for Timeless Elegance,2026-04-26,2026-05-20,131,Minimalist &amp; Clean Girl,975,7,1,36.1,medium,below target depth (975 words); only 1 internal links
1359,spring-nails-2026-ideas,https://nailosmetic.com/spring-nails-2026-ideas/,10 Ethereal Spring Nails 2026 Ideas You Need to Try,2026-05-31,2026-05-31,120,Seasonal Trends,812,7,3,35.9,medium,below target depth (812 words)
843,diy-fountain-ideas,https://nailosmetic.com/diy-fountain-ideas/,7 Zen-Inducing DIY Fountain Ideas to Transform Your Space,2026-05-07,2026-05-20,131,Home &amp; Garden,989,7,1,35.7,medium,below target depth (989 words); only 1 internal links
884,spring-nail-ideas-2026,https://nailosmetic.com/spring-nail-ideas-2026/,7 Unforgettable Spring Nail Ideas 2026: The Luxury Editor’s Picks,2026-05-09,2026-05-20,131,Seasonal Trends,1034,7,1,34.5,medium,only 1 internal links
662,future-fabrics-ethical-chic-bio-couture,https://nailosmetic.com/future-fabrics-ethical-chic-bio-couture/,Future Fabrics & Ethical Chic: How to Style 2026’s Bio-Couture & Circular Fashion,2026-04-28,2026-05-20,131,Blogs,1886,2,1,34.1,medium,only 2 images; only 1 internal links
771,bio-textile-revolution-fashion-2026-2027,https://nailosmetic.com/bio-textile-revolution-fashion-2026-2027/,Beyond Cotton: The Bio-Textile Revolution Reshaping 2026-2027 Fashion,2026-05-04,2026-05-20,131,Blogs,2441,2,1,34.1,medium,only 2 images; only 1 internal links
834,sustainable-futurism-red-carpet-fabrics,https://nailosmetic.com/sustainable-futurism-red-carpet-fabrics/,Sustainable Futurism: Eco-Conscious Fabrics Redefining 2027’s Red Carpet Trends,2026-05-07,2026-05-20,131,Blogs,1846,2,1,34.1,medium,only 2 images; only 1 internal links
712,ai-powered-scalp-health-future,https://nailosmetic.com/ai-powered-scalp-health-future/,AI-Powered Scalp Health: Future-Proofing Your Hair from the Roots Up (2026-2027),2026-05-01,2026-05-20,131,Blogs,2230,2,2,32.2,medium,only 2 images; only 2 internal links
895,naked-hair-coloring-2026-guide,https://nailosmetic.com/naked-hair-coloring-2026-guide/,The 2026 Guide to ‘Naked’ Hair Coloring: Enhancing Natural Hues with Plant-Based Pigments & Micro-Toning,2026-05-10,2026-05-20,131,Blogs,2162,2,2,32.2,medium,only 2 images; only 2 internal links
558,eco-chic-sustainable-hair-dye,https://nailosmetic.com/eco-chic-sustainable-hair-dye/,The Future of Eco-Chic Color: Sustainable Hair Dye Trends & Treatments for 2026,2026-04-24,2026-05-20,131,Blogs,2085,3,1,30.1,medium,only 1 internal links
1364,bio-synthetic-hybrid-hair-extensions-guide-2,https://nailosmetic.com/bio-synthetic-hybrid-hair-extensions-guide-2/,The Rise of Bio-Synthetic Hybrid Hair Extensions: A 2027 Styling Guide,2026-05-31,2026-05-31,120,Blogs,2007,3,1,29.3,medium,only 1 internal links
2030,bio-synthetic-hybrid-hair-extensions,https://nailosmetic.com/bio-synthetic-hybrid-hair-extensions/,The Rise of Bio-Synthetic Hybrid Extensions: A 2027 Guide to Texture Matching,2026-07-07,2026-07-07,83,Blogs,2008,3,1,26.8,medium,only 1 internal links
1175,sustainable-tech-core-minimalist-capsule,https://nailosmetic.com/sustainable-tech-core-minimalist-capsule/,Sustainable Tech-Core: Integrating Bio-Synthetic Fabrics into 2027 Minimalist Capsules,2026-05-19,2026-05-20,131,Blogs,1900,4,1,26.1,medium,only 1 internal links
1233,bio-adaptive-uv-reactive-manicures,https://nailosmetic.com/bio-adaptive-uv-reactive-manicures/,Bio-Adaptive Manicures: The Rise of Nail Tech That Changes Color with UV Exposure,2026-05-22,2026-05-22,129,Blogs,2011,4,1,26.0,medium,only 1 internal links
2302,bio-adaptive-color-changing-nails-guide,https://nailosmetic.com/bio-adaptive-color-changing-nails-guide/,Bio-Adaptive Color-Changing Nails: The 2027 Guide to Mood-Responsive Polish,2026-07-22,2026-07-22,68,Blogs,2093,3,1,25.8,medium,only 1 internal links
1476,sustainable-tech-fabric-athleisure-guide,https://nailosmetic.com/sustainable-tech-fabric-athleisure-guide/,Sustainable Tech-Fabric Athleisure: The 2027 Guide to Lab-Grown Silk and Recycled Polymers,2026-06-07,2026-06-07,113,Blogs,2052,4,1,24.9,low,only 1 internal links
408,sustainable-biodegradable-nail-art-trends,https://nailosmetic.com/sustainable-biodegradable-nail-art-trends/,Beyond Chrome: Sustainable & Biodegradable Nail Art Trends for 2025,2026-04-20,2026-05-20,131,Blogs,1400,9,1,24.8,low,only 1 internal links
1651,bio-adaptive-ph-responsive-gel-manicure,https://nailosmetic.com/bio-adaptive-ph-responsive-gel-manicure/,Bio-Adaptive Manicures: The Rise of pH-Responsive Gel Polishes in 2027,2026-06-16,2026-06-16,104,Blogs,2016,4,1,24.2,low,only 1 internal links
1702,bio-synthetic-hybrid-hair-extensions-guide-2,https://nailosmetic.com/bio-synthetic-hybrid-hair-extensions-guide-2/,The Rise of Bio-Synthetic Hybrid Hair Extensions: A 2026-2027 Guide,2026-06-19,2026-06-19,101,Blogs,2066,4,1,24.0,low,only 1 internal links
1169,best-summer-designs-outfits,https://nailosmetic.com/best-summer-designs-outfits/,7 Summer Designs to Elevate Your Outfit Game This Season,2026-05-19,2026-05-20,131,Styles &amp; Fashion,1327,7,3,23.0,low,meets quality bars
1076,flower-bed-ideas-front-house,https://nailosmetic.com/flower-bed-ideas-front-house/,7 Viral Flower Bed Ideas in Front of House That Will Boost Curb Appeal Instantly,2026-05-15,2026-05-20,131,Home &amp; Garden,1492,7,1,22.3,low,only 1 internal links
907,bio-adaptive-gel-manicure-guide,https://nailosmetic.com/bio-adaptive-gel-manicure-guide/,Bio-Adaptive Gel Manicures: The 2027 Guide to Color-Changing Polish,2026-05-10,2026-05-20,131,Blogs,2066,5,1,22.1,low,only 1 internal links
1031,best-cucumber-trellis-ideas,https://nailosmetic.com/best-cucumber-trellis-ideas/,7 Genius Cucumber Trellis Hacks That Will Elevate Your Garden Aesthetic,2026-05-13,2026-05-20,131,Home &amp; Garden,1552,7,1,22.1,low,only 1 internal links
1045,color-drenching-bedroom-tips,https://nailosmetic.com/color-drenching-bedroom-tips/,7 Viral Reasons Why the Color Drenching Bedroom Trend Is Taking Over,2026-05-14,2026-05-20,131,Bedroom Decor,1722,7,1,22.1,low,only 1 internal links
1062,bedscaping-ideas-home-decor,https://nailosmetic.com/bedscaping-ideas-home-decor/,7 Viral Bedscaping Ideas to Transform Your Bedroom into a Luxury Sanctuary,2026-05-14,2026-05-20,131,Bedroom Decor,1568,7,1,22.1,low,only 1 internal links
1298,bio-adaptive-smart-nails-2027,https://nailosmetic.com/bio-adaptive-smart-nails-2027/,Bio-Adaptive Manicures: The Rise of Smart Nails in 2027,2026-05-25,2026-05-25,126,Blogs,1951,6,1,21.8,low,only 1 internal links
1382,princess-daisy-costume-ideas,https://nailosmetic.com/princess-daisy-costume-ideas/,7 Viral Princess Daisy Costume Ideas That Will Make You the Life of the Party,2026-06-01,2026-06-01,119,Styles &amp; Fashion,1345,7,3,21.7,low,meets quality bars
1184,mothers-day-nails,https://nailosmetic.com/mothers-day-nails/,7 Dreamy Mothers Day Nails Designs To Wow Everyone This Spring,2026-05-19,2026-05-20,131,Aesthetic &amp; Art,1379,7,3,21.6,low,meets quality bars
1160,cozy-living-room-ideas,https://nailosmetic.com/cozy-living-room-ideas/,7 Cozy Living Room Ideas That Will Instantly Upgrade Your Home,2026-05-18,2026-05-20,131,Home &amp; Garden,1380,7,3,21.5,low,meets quality bars
1314,bio-synthetic-hybrid-hair-extensions-guide-2,https://nailosmetic.com/bio-synthetic-hybrid-hair-extensions-guide-2/,Bio-Synthetic Hair Integration: The 2027 Guide to Hybrid Hair Extensions,2026-05-28,2026-05-28,123,Blogs,2327,5,1,21.5,low,only 1 internal links
1389,bio-synthetic-fusion-extensions-guide,https://nailosmetic.com/bio-synthetic-fusion-extensions-guide/,Bio-Synthetic Fusion Extensions: The 2027 Guide to Hybrid Hair Textures,2026-06-01,2026-06-01,119,Blogs,1918,5,1,21.3,low,only 1 internal links
1067,chrome-nails-complete-guide,https://nailosmetic.com/chrome-nails-complete-guide/,"Chrome Nails: The Complete Guide to Every Chrome, Glazed & Mirror Finish (2026)",2026-05-15,2026-05-20,131,Chrome &amp; Glazed,3578,3,6,20.7,low,meets quality bars
1537,bio-adaptive-hair-color-ph-responsive,https://nailosmetic.com/bio-adaptive-hair-color-ph-responsive/,Bio-Adaptive Hair Color: The 2027 Guide to pH-Responsive Salon Treatments,2026-06-10,2026-06-10,110,Blogs,2070,5,1,20.7,low,only 1 internal links
1134,june-calendar-home-transformation,https://nailosmetic.com/june-calendar-home-transformation/,7 June Calendar Hacks to Transform Your Home for Summer,2026-05-17,2026-05-20,131,Home &amp; Garden,1415,7,3,20.6,low,meets quality bars
1218,japandi-bedroom-design-secrets,https://nailosmetic.com/japandi-bedroom-design-secrets/,7 Japandi Bedroom Design Secrets to Transform Your Sanctuary,2026-05-21,2026-05-21,130,Bedroom Decor,1415,7,3,20.5,low,meets quality bars
1600,sustainable-tech-core-vegan-leather-styling,https://nailosmetic.com/sustainable-tech-core-vegan-leather-styling/,Sustainable Tech-Core: How to Style Biodegradable Vegan Leather in 2027,2026-06-13,2026-06-13,107,Blogs,2023,7,1,20.5,low,only 1 internal links
1636,best-throw-pillow-combinations,https://nailosmetic.com/best-throw-pillow-combinations/,7 Viral Throw Pillow Combinations to Instantly Elevate Your Living Room,2026-06-15,2026-06-15,104,Home &amp; Garden,1420,7,2,20.5,low,only 2 internal links
1645,best-blue-nail-designs,https://nailosmetic.com/best-blue-nail-designs/,7 Blue Nail Designs That Are Defining This Season’s Aesthetic,2026-06-16,2026-06-16,104,Aesthetic &amp; Art,1355,7,3,20.4,low,meets quality bars
1227,farmhouse-kitchen-decor-trends,https://nailosmetic.com/farmhouse-kitchen-decor-trends/,7 Viral Farmhouse Kitchen Decor Trends That Will Transform Your Home,2026-05-22,2026-05-22,129,Home &amp; Garden,1423,7,3,20.3,low,meets quality bars
1711,subtle-4th-july-nails,https://nailosmetic.com/subtle-4th-july-nails/,"7 Subtle 4th of July Nails That Are Chic, Not Cheesy",2026-06-19,2026-06-19,100,Minimalist &amp; Clean Girl,1351,7,3,20.2,low,meets quality bars
2164,nail-ideas-back-to-school,https://nailosmetic.com/nail-ideas-back-to-school/,10 Chic Nail Ideas Back to School: Elevate Your Academic Aesthetic,2026-07-13,2026-07-13,76,Seasonal Trends,1973,7,0,20.2,low,no internal links
2173,firework-makeup-trends,https://nailosmetic.com/firework-makeup-trends/,Firework Makeup Trends: 7 Explosive Looks to Light Up Your Night,2026-07-14,2026-07-14,76,Hair &amp; Beauty,2135,7,0,20.2,low,no internal links
1148,lip-liner-tutorial-secrets,https://nailosmetic.com/lip-liner-tutorial-secrets/,7 Lip Liner Tutorial Secrets for the Perfect Pout,2026-05-18,2026-05-20,131,Hair &amp; Beauty,1435,7,3,20.1,low,meets quality bars
2182,shark-week-nails-designs,https://nailosmetic.com/shark-week-nails-designs/,Shark Week Nails: 7 Fierce Designs to Make a Splash This Season,2026-07-14,2026-07-14,75,Seasonal Trends,1926,7,0,20.1,low,no internal links
2191,senior-picture-nails-trends,https://nailosmetic.com/senior-picture-nails-trends/,10 Flawless Senior Picture Nails to Elevate Your Graduation Look,2026-07-15,2026-07-15,75,Aesthetic &amp; Art,1992,7,0,20.1,low,no internal links
1278,clean-girl-makeup-look,https://nailosmetic.com/clean-girl-makeup-look/,7 Secrets to Perfecting the Viral Clean Girl Makeup Look,2026-05-24,2026-05-24,126,Hair &amp; Beauty,1424,7,3,20.0,low,meets quality bars
2217,nails-back-to-school,https://nailosmetic.com/nails-back-to-school/,Back to School Nails: 7 Chic Manicures for a Stylish Semester,2026-07-16,2026-07-16,73,Seasonal Trends,2031,7,0,20.0,low,no internal links
1745,bio-adaptive-lighting-urban-gardens,https://nailosmetic.com/bio-adaptive-lighting-urban-gardens/,Bio-Adaptive Lighting Trends: Integrating Circadian-Sync Tech into Small Urban Gardens,2026-06-22,2026-06-22,98,Blogs,2121,5,1,19.8,low,only 1 internal links
2270,late-summer-nails-trends,https://nailosmetic.com/late-summer-nails-trends/,7 Late Summer Nails That Are Defining The End Of The Season,2026-07-19,2026-07-19,70,Seasonal Trends,1935,7,0,19.8,low,no internal links
2279,back-to-school-hair-trends,https://nailosmetic.com/back-to-school-hair-trends/,7 Effortless Back to School Hair Trends for a Perfect First Day,2026-07-20,2026-07-20,70,Hair &amp; Beauty,1982,7,0,19.8,low,no internal links
1407,bedroom-lighting-ideas,https://nailosmetic.com/bedroom-lighting-ideas/,7 Viral Bedroom Lighting Ideas to Completely Transform Your Space,2026-06-02,2026-06-02,118,Bedroom Decor,1417,7,3,19.7,low,meets quality bars
2288,back-to-school-nails-short,https://nailosmetic.com/back-to-school-nails-short/,10 Sophisticated Back to School Nails Short Designs That Redefine Campus Chic,2026-07-20,2026-07-20,69,Seasonal Trends,2020,7,0,19.7,low,no internal links
2297,nails-school-guide,https://nailosmetic.com/nails-school-guide/,Mastering the Art of Nails School: The Ultimate Guide for Aspiring Pros,2026-07-22,2026-07-22,68,Aesthetic &amp; Art,1963,7,0,19.7,low,no internal links
1808,ai-generated-prints-tech-couture-2027,https://nailosmetic.com/ai-generated-prints-tech-couture-2027/,Sustainable Tech-Couture: How AI-Generated Prints Are Defining 2027 Streetwear,2026-06-25,2026-06-25,95,Blogs,2234,7,1,19.6,low,only 1 internal links
2311,trendy-halloween-nails,https://nailosmetic.com/trendy-halloween-nails/,15 Eerie & Elegant Halloween Nail Ideas to Elevate Your Spooky Season Style,2026-07-22,2026-07-22,67,Seasonal Trends,2001,7,0,19.6,low,no internal links
1323,beach-nail-art-trends,https://nailosmetic.com/beach-nail-art-trends/,7 Beach Nail Art Designs That Are Trending This Summer,2026-05-28,2026-05-28,122,Seasonal Trends,1435,7,3,19.5,low,meets quality bars
2330,basic-back-to-school-nails,https://nailosmetic.com/basic-back-to-school-nails/,7 Effortless Basic Back to School Nails for a Stylish Semester,2026-07-24,2026-07-24,65,Minimalist &amp; Clean Girl,2055,7,0,19.5,low,no internal links
1873,bio-adaptive-ph-responsive-gel-manicure,https://nailosmetic.com/bio-adaptive-ph-responsive-gel-manicure/,Bio-Adaptive Manicures: The Rise of pH-Responsive Gel Polishes in 2027,2026-06-28,2026-06-28,92,Blogs,2029,5,1,19.4,low,only 1 internal links
1546,easy-spring-outfits,https://nailosmetic.com/easy-spring-outfits/,7 Viral Hacks for Easy Spring Outfits That Look Expensive,2026-06-10,2026-06-10,109,Styles &amp; Fashion,1413,7,3,19.2,low,meets quality bars
1918,bio-adaptive-hair-color-ph-responsive-tints,https://nailosmetic.com/bio-adaptive-hair-color-ph-responsive-tints/,Bio-Adaptive Hair Color: The 2027 Guide to pH-Responsive Salon Tints,2026-07-01,2026-07-01,89,Blogs,1979,5,1,19.2,low,only 1 internal links
2384,black-hair-halloween-costumes,https://nailosmetic.com/black-hair-halloween-costumes/,7 Show-Stopping Black Hair Halloween Costumes: Expert Styling Guide,2026-07-27,2026-07-27,62,Hair &amp; Beauty,1876,7,0,19.2,low,no internal links
2393,senior-hairstyles-chic-trends,https://nailosmetic.com/senior-hairstyles-chic-trends/,10 Timeless and Chic Senior Hairstyles for a Sophisticated Look,2026-07-28,2026-07-28,62,Hair &amp; Beauty,1824,7,0,19.2,low,no internal links
2402,best-fall-makeup-trends,https://nailosmetic.com/best-fall-makeup-trends/,7 Stunning Fall Makeup Trends to Elevate Your Autumn Aesthetic,2026-07-29,2026-07-29,61,Hair &amp; Beauty,1934,7,0,19.2,low,no internal links
1290,face-framing-highlights-trends,https://nailosmetic.com/face-framing-highlights-trends/,7 Viral Face Framing Highlights That Will Instantly Brighten Your Complexion,2026-05-25,2026-05-25,126,Hair &amp; Beauty,1459,7,3,19.1,low,meets quality bars
2411,middle-school-nails-trends,https://nailosmetic.com/middle-school-nails-trends/,Middle School Nails: 7 Trendy Designs That Are Classroom-Approved,2026-07-29,2026-07-29,60,Aesthetic &amp; Art,1876,7,0,19.1,low,no internal links
1971,biophilic-modular-garden-pods-wellness-retreat,https://nailosmetic.com/biophilic-modular-garden-pods-wellness-retreat/,Biophilic Modular Garden Pods: Transforming Small Backyards into 2027 Wellness Retreats,2026-07-04,2026-07-04,86,Blogs,2056,5,1,19.0,low,only 1 internal links
2429,peridot-nails-trends,https://nailosmetic.com/peridot-nails-trends/,Peridot Nails: The Vibrant Green Trend Defining Luxury Manicures,2026-07-30,2026-07-30,59,Aesthetic &amp; Art,1846,7,0,19.0,low,no internal links
2438,white-toes-pedicure-ideas,https://nailosmetic.com/white-toes-pedicure-ideas/,10 Chic White Toes Pedicure Ideas for Every Aesthetic,2026-07-31,2026-07-31,59,Minimalist &amp; Clean Girl,1766,7,0,19.0,low,no internal links
2447,best-pedicure-ideas,https://nailosmetic.com/best-pedicure-ideas/,10 Exquisite Pedicure Ideas to Elevate Your Foot Aesthetic This Season,2026-07-31,2026-07-31,58,Aesthetic &amp; Art,1770,7,0,19.0,low,no internal links
1609,may-nails-trends,https://nailosmetic.com/may-nails-trends/,9 May Nails Trends That Are Currently Taking Over Your Feed,2026-06-13,2026-06-13,106,Seasonal Trends,1415,7,3,18.9,low,meets quality bars
2465,best-hair-dye-ideas,https://nailosmetic.com/best-hair-dye-ideas/,15 Radiant Hair Dye Ideas to Transform Your Look This Season,2026-08-01,2026-08-01,57,Hair &amp; Beauty,1881,7,0,18.9,low,no internal links
2474,fall-outfits-2026-women,https://nailosmetic.com/fall-outfits-2026-women/,Fall Outfits 2026 Women: The Ultimate Editorial Style Guide,2026-08-02,2026-08-02,57,Styles &amp; Fashion,1837,7,0,18.9,low,no internal links
1434,quilted-coverlet-styling-hacks,https://nailosmetic.com/quilted-coverlet-styling-hacks/,7 Viral Hacks for Quilted Coverlet Styling That Will Transform Your Bedroom,2026-06-03,2026-06-03,116,Bedroom Decor,1445,7,3,18.8,low,meets quality bars
2492,bts-hairstyles-trends,https://nailosmetic.com/bts-hairstyles-trends/,7 Iconic BTS Hairstyles That Are Defining Modern K-Pop Beauty Trends,2026-08-03,2026-08-03,56,Hair &amp; Beauty,1742,7,0,18.8,low,no internal links
2501,summer-nails-2026,https://nailosmetic.com/summer-nails-2026/,Summer Nails 2026: The Ultimate Guide to This Season’s Hottest Manicures,2026-08-03,2026-08-03,55,Seasonal Trends,1813,7,0,18.8,low,no internal links
2510,back-to-school-nails-square,https://nailosmetic.com/back-to-school-nails-square/,"Back to School Nails Square: The Ultimate Guide to Sharp, Sophisticated Style",2026-08-04,2026-08-04,55,Seasonal Trends,1863,7,0,18.8,low,no internal links
2528,fall-themed-nails-simple,https://nailosmetic.com/fall-themed-nails-simple/,15 Chic Nail Ideas Fall 2026: The Ultimate Seasonal Trend Report,2026-08-05,2026-08-05,54,Seasonal Trends,1925,7,0,18.7,low,no internal links
2092,biophilic-modular-garden-walls-diy-urban-balcony,https://nailosmetic.com/biophilic-modular-garden-walls-diy-urban-balcony/,Biophilic Modular Garden Walls: DIY Systems for Small Urban Balconies,2026-07-10,2026-07-10,80,Blogs,2095,6,1,18.6,low,only 1 internal links
2546,best-brown-hair-trends,https://nailosmetic.com/best-brown-hair-trends/,7 Stunning Brown Hair Color Trends for Every Skin Tone,2026-08-07,2026-08-07,52,Hair &amp; Beauty,1935,7,0,18.6,low,no internal links
1085,spring-stiletto-nails-trends,https://nailosmetic.com/spring-stiletto-nails-trends/,7 Spring Stiletto Nails Trends That Are Taking Over Pinterest Right Now,2026-05-15,2026-05-20,131,Seasonal Trends,1494,7,3,18.5,low,meets quality bars
1452,cubs-game-outfit-women,https://nailosmetic.com/cubs-game-outfit-women/,7 Chic Ways to Master the Ultimate Cubs Game Outfit for Women,2026-06-06,2026-06-06,114,Styles &amp; Fashion,1452,7,3,18.5,low,meets quality bars
2564,fall-decor-bedroom-ideas,https://nailosmetic.com/fall-decor-bedroom-ideas/,7 Cozy Fall Decor Bedroom Ideas to Transform Your Sanctuary,2026-08-08,2026-08-08,51,Bedroom Decor,1958,7,0,18.5,low,no internal links
1627,cold-weather-spring-outfits,https://nailosmetic.com/cold-weather-spring-outfits/,7 Viral Cold Weather Spring Outfits You Need to Copy Right Now,2026-06-14,2026-06-14,105,Styles &amp; Fashion,1432,7,3,18.4,low,meets quality bars
1669,spring-nails-2026-trends,https://nailosmetic.com/spring-nails-2026-trends/,7 Spring Nails 2026 Trends That Will Dominate Your Feed,2026-06-17,2026-06-17,103,Seasonal Trends,1426,7,3,18.4,low,meets quality bars
2155,biophilic-modular-balconies-urban-transformation,https://nailosmetic.com/biophilic-modular-balconies-urban-transformation/,Biophilic Modular Balconies: Transforming Small Urban Spaces for 2027,2026-07-13,2026-07-13,77,Blogs,2021,6,1,18.4,low,only 1 internal links
2573,short-hair-styles-older-women,https://nailosmetic.com/short-hair-styles-older-women/,"10 Chic Short Hair Styles for Older Women: Youthful, Modern & Easy to Maintain",2026-08-08,2026-08-08,50,Hair &amp; Beauty,1899,7,0,18.4,low,no internal links
2582,simple-summer-nails,https://nailosmetic.com/simple-summer-nails/,Simple Summer Nails: 7 Effortless Designs for Sunny Days,2026-08-09,2026-08-09,50,Seasonal Trends,1962,7,0,18.4,low,no internal links
2591,clean-girl-makeup-office,https://nailosmetic.com/clean-girl-makeup-office/,The Ultimate Clean Girl Makeup Look for Everyday Office Success,2026-08-09,2026-08-09,49,Hair &amp; Beauty,1836,7,0,18.4,low,no internal links
2600,best-toe-nail-designs,https://nailosmetic.com/best-toe-nail-designs/,7 Luxurious Toe Nail Designs for Your Next Pedicure,2026-08-10,2026-08-10,49,Aesthetic &amp; Art,1940,7,0,18.4,low,no internal links
1099,pearl-nail-designs-trends,https://nailosmetic.com/pearl-nail-designs-trends/,7 Viral Pearl Nail Designs That Are Taking Over Your Feed,2026-05-16,2026-05-20,131,Chrome &amp; Glazed,1571,7,3,18.3,low,meets quality bars
1113,all-white-bedroom-aesthetic,https://nailosmetic.com/all-white-bedroom-aesthetic/,7 Viral Secrets to Mastering the All White Bedroom Aesthetic,2026-05-17,2026-05-20,131,Bedroom Decor,1567,7,3,18.3,low,meets quality bars
1125,back-to-school-nail-art-2,https://nailosmetic.com/back-to-school-nail-art-2/,9 Viral Back to School Nail Art Trends to Ace Your Semester Style,2026-05-17,2026-05-20,131,Seasonal Trends,1529,7,3,18.3,low,meets quality bars
1209,waterfall-braid-tutorial,https://nailosmetic.com/waterfall-braid-tutorial/,7 Viral Hacks for a Perfect Waterfall Braid Tutorial That Actually Stays,2026-05-20,2026-05-20,131,Hair &amp; Beauty,1643,7,3,18.3,low,meets quality bars
1591,jelly-sandals-outfit-trend,https://nailosmetic.com/jelly-sandals-outfit-trend/,7 Viral Ways to Master the Jelly Sandals Outfit Trend,2026-06-13,2026-06-13,107,Styles &amp; Fashion,1442,7,3,18.3,low,meets quality bars
2618,simple-august-nails,https://nailosmetic.com/simple-august-nails/,15 Chic & Simple August Nails to Elevate Your Late Summer Aesthetic,2026-08-11,2026-08-11,48,Seasonal Trends,1848,7,0,18.3,low,no internal links
2039,4th-of-july-simple-nails,https://nailosmetic.com/4th-of-july-simple-nails/,7 Viral 4th of July Simple Nails Designs You Need to Try This Summer,2026-07-07,2026-07-07,82,Seasonal Trends,1379,7,3,18.2,low,meets quality bars
2208,sustainable-tech-core-bio-synthetic-fabrics-streetwear,https://nailosmetic.com/sustainable-tech-core-bio-synthetic-fabrics-streetwear/,Sustainable Tech-Core: The Rise of Bio-Synthetic Fabrics in 2027 Streetwear,2026-07-16,2026-07-16,74,Blogs,2228,6,1,18.2,low,only 1 internal links
2627,hair-id-roblox-trends,https://nailosmetic.com/hair-id-roblox-trends/,Top 7 Trendy Roblox Hair ID Codes for Your Virtual Avatar,2026-08-11,2026-08-11,47,Hair &amp; Beauty,1888,7,0,18.2,low,no internal links
2645,fall-nails-square,https://nailosmetic.com/fall-nails-square/,10 Chicest Fall Nails Square Designs to Elevate Your Autumn Aesthetic,2026-08-13,2026-08-13,46,Seasonal Trends,1920,7,0,18.2,low,no internal links
1242,watercolor-nail-art-designs,https://nailosmetic.com/watercolor-nail-art-designs/,7 Dreamy Watercolor Nail Art Designs You Need to Try This Season,2026-05-22,2026-05-22,128,Aesthetic &amp; Art,1550,7,3,18.1,low,meets quality bars
1251,messy-bun-hairstyle,https://nailosmetic.com/messy-bun-hairstyle/,7 Effortless Messy Bun Hairstyle Hacks for an Instant Glow-Up,2026-05-23,2026-05-23,128,Hair &amp; Beauty,1633,7,3,18.1,low,meets quality bars
1260,best-black-nail-designs,https://nailosmetic.com/best-black-nail-designs/,7 Edgy Black Nail Designs That Are Defining The Season,2026-05-23,2026-05-23,127,Aesthetic &amp; Art,1549,7,3,18.1,low,meets quality bars
1269,bathroom-vanity-ideas,https://nailosmetic.com/bathroom-vanity-ideas/,9 Viral Bathroom Vanity Ideas That Will Transform Your Space,2026-05-24,2026-05-24,127,Home &amp; Garden,1569,7,3,18.1,low,meets quality bars
1512,short-spring-nail-ideas,https://nailosmetic.com/short-spring-nail-ideas/,7 Short Spring Nail Ideas That Are Taking Over Your Feed,2026-06-09,2026-06-09,111,Seasonal Trends,1458,7,3,18.1,low,meets quality bars
2261,biophilic-modular-garden-walls-diy-urban-balcony,https://nailosmetic.com/biophilic-modular-garden-walls-diy-urban-balcony/,Biophilic Modular Garden Walls: The DIY Guide for Small Urban Balconies (2026 Edition),2026-07-19,2026-07-19,71,Blogs,2129,6,1,18.0,low,only 1 internal links
2672,summer-to-fall-transition-nails,https://nailosmetic.com/summer-to-fall-transition-nails/,7 Dreamy Summer to Fall Transition Nails to Elevate Your Seasonal Style,2026-08-14,2026-08-14,44,Seasonal Trends,2173,7,0,18.0,low,no internal links
1618,viral-heart-nail-art,https://nailosmetic.com/viral-heart-nail-art/,7 Viral Heart Nail Art Designs That Will Break the Internet,2026-06-14,2026-06-14,106,Aesthetic &amp; Art,1453,7,3,17.9,low,meets quality bars
2690,fall-short-nails-trends,https://nailosmetic.com/fall-short-nails-trends/,10 Chic Fall Short Nails: The Ultimate Seasonal Manicure Guide,2026-08-16,2026-08-16,43,Seasonal Trends,1874,7,0,17.9,low,no internal links
2699,september-nail-ideas,https://nailosmetic.com/september-nail-ideas/,15 Chic September Nail Ideas to Transition Into Autumn,2026-08-16,2026-08-16,42,Seasonal Trends,1861,7,0,17.9,low,no internal links
1307,patriotic-flower-arrangements,https://nailosmetic.com/patriotic-flower-arrangements/,7 Stunning Patriotic Flower Arrangements to Transform Your Home,2026-05-28,2026-05-28,123,Home &amp; Garden,1577,7,3,17.8,low,meets quality bars
1678,yoshi-costume-style-guide,https://nailosmetic.com/yoshi-costume-style-guide/,7 Viral Yoshi Costume Outfit Ideas for High-Fashion Street Style,2026-06-17,2026-06-17,102,Styles &amp; Fashion,1446,7,3,17.8,low,meets quality bars
2726,august-september-nails-transition,https://nailosmetic.com/august-september-nails-transition/,August September Nails: The Ultimate Transition Manicure Guide,2026-08-18,2026-08-18,41,Seasonal Trends,1941,7,0,17.8,low,no internal links
1332,cold-baseball-game-outfit,https://nailosmetic.com/cold-baseball-game-outfit/,7 Genius Style Hacks for the Perfect Cold Baseball Game Outfit,2026-05-29,2026-05-29,122,Styles &amp; Fashion,1569,7,3,17.7,low,meets quality bars
1341,viral-chrome-nail-designs,https://nailosmetic.com/viral-chrome-nail-designs/,7 Viral Chrome Nail Designs to Elevate Your Aesthetic This Season,2026-05-29,2026-05-29,121,Chrome &amp; Glazed,1573,7,3,17.7,low,meets quality bars
1350,french-tip-nail-designs,https://nailosmetic.com/french-tip-nail-designs/,10 French Tip Nail Designs That Will Define Your Aesthetic This Year,2026-05-30,2026-05-30,121,Minimalist &amp; Clean Girl,1511,7,3,17.7,low,meets quality bars
1398,newlywed-bedroom-styling,https://nailosmetic.com/newlywed-bedroom-styling/,7 Dreamy Newlywed Bedroom Styling Hacks for a Romantic Sanctuary,2026-06-01,2026-06-01,118,Bedroom Decor,1492,7,3,17.7,low,meets quality bars
1790,viral-4th-nails-trends,https://nailosmetic.com/viral-4th-nails-trends/,7 Viral 4th Nails Trends That Will Dominate Your Summer Feed,2026-06-24,2026-06-24,95,Seasonal Trends,1431,7,3,17.7,low,meets quality bars
2753,burgundy-hair-pale-skin,https://nailosmetic.com/burgundy-hair-pale-skin/,Burgundy Hair for Pale Skin: 7 Stunning Looks for Every Season,2026-08-19,2026-08-19,39,Hair &amp; Beauty,1945,7,0,17.7,low,no internal links
1461,spring-makeup-looks-guide,https://nailosmetic.com/spring-makeup-looks-guide/,7 Fresh Spring Makeup Looks That Are Defining the Season,2026-06-06,2026-06-06,113,Hair &amp; Beauty,1480,7,3,17.6,low,meets quality bars
2348,sustainable-tech-couture-3d-printed-accessories,https://nailosmetic.com/sustainable-tech-couture-3d-printed-accessories/,Sustainable Tech-Couture: How to Style 3D-Printed Accessories for 2027,2026-07-25,2026-07-25,65,Blogs,2386,7,1,17.6,low,only 1 internal links
2762,half-up-half-down-curly-hair,https://nailosmetic.com/half-up-half-down-curly-hair/,Half Up Half Down Hairstyle for Curly Hair: 7 Chic Looks to Try Now,2026-08-20,2026-08-20,38,Hair &amp; Beauty,1926,7,0,17.6,low,no internal links
2771,minimalist-chrome-nail-art,https://nailosmetic.com/minimalist-chrome-nail-art/,Minimalist Chrome Nail Art: The Ultimate Everyday Chic Guide,2026-08-21,2026-08-21,38,Minimalist &amp; Clean Girl,1966,7,0,17.6,low,no internal links
1373,summer-front-porch-decor,https://nailosmetic.com/summer-front-porch-decor/,9 Summer Front Porch Decor Ideas That Will Make Your Neighbors Jealous,2026-05-31,2026-05-31,119,Home &amp; Garden,1528,7,3,17.5,low,meets quality bars
2780,august-nails-simple,https://nailosmetic.com/august-nails-simple/,August Nails Simple: 7 Effortless Designs for Late Summer Elegance,2026-08-21,2026-08-21,37,Seasonal Trends,1882,7,0,17.5,low,no internal links
2798,stiller-nails-ideas-aesthetic,https://nailosmetic.com/stiller-nails-ideas-aesthetic/,7 Stiller Nails Ideas for an Effortlessly Chic Minimalist Aesthetic,2026-08-22,2026-08-22,36,Minimalist &amp; Clean Girl,1803,7,0,17.5,low,no internal links
1416,mushroom-brown-hair-trends,https://nailosmetic.com/mushroom-brown-hair-trends/,7 Viral Reasons Why Mushroom Brown Hair Is The Ultimate Fall Upgrade,2026-06-02,2026-06-02,117,Hair &amp; Beauty,1498,7,3,17.4,low,meets quality bars
1425,baddie-spring-nails,https://nailosmetic.com/baddie-spring-nails/,7 Baddie Spring Nails Trends That Are Breaking the Internet,2026-06-03,2026-06-03,117,Aesthetic &amp; Art,1635,7,3,17.4,low,meets quality bars
1470,platinum-blonde-hair-ideas,https://nailosmetic.com/platinum-blonde-hair-ideas/,7 Platinum Blonde Hair Ideas That Will Change Your Entire Look,2026-06-07,2026-06-07,113,Hair &amp; Beauty,1491,7,3,17.4,low,meets quality bars
1530,pastel-nail-designs-ideas,https://nailosmetic.com/pastel-nail-designs-ideas/,10 Dreamy Pastel Nail Designs You Need to Try This Season,2026-06-10,2026-06-10,110,Aesthetic &amp; Art,1480,7,3,17.4,low,meets quality bars
1866,4th-of-july-toenail-designs,https://nailosmetic.com/4th-of-july-toenail-designs/,7 Patriotic Perfection: The Most Viral 4th of July Toenail Designs of the Season,2026-06-28,2026-06-28,92,Seasonal Trends,1444,7,3,17.2,low,meets quality bars
1964,dorm-nightstand-hacks,https://nailosmetic.com/dorm-nightstand-hacks/,7 Viral Hacks for the Perfect Dorm Nightstand Setup,2026-07-04,2026-07-04,86,Home &amp; Garden,1432,7,3,17.1,low,meets quality bars
1036,nail-art-designs-ultimate-guide,https://nailosmetic.com/nail-art-designs-ultimate-guide/,"The Ultimate Guide to Nail Art Designs: Every Style, Trend & Technique for 2026",2026-05-14,2026-05-20,131,Aesthetic &amp; Art,3959,3,11,17.0,low,meets quality bars
1090,spring-outfits-women-guide,https://nailosmetic.com/spring-outfits-women-guide/,Spring Outfits for Women: The Complete 2026 Style Guide for Every Occasion,2026-05-16,2026-05-20,131,Styles &amp; Fashion,3509,3,10,17.0,low,meets quality bars
1104,hairstyles-for-women-ultimate-guide,https://nailosmetic.com/hairstyles-for-women-ultimate-guide/,"The Ultimate Hairstyle Guide for Women: Every Cut, Color & Trend for 2026",2026-05-17,2026-05-20,131,Hair &amp; Beauty,3529,3,8,17.0,low,meets quality bars
1139,home-decor-ideas-ultimate-guide,https://nailosmetic.com/home-decor-ideas-ultimate-guide/,Home Decor Ideas: The Ultimate Room-by-Room Style Guide for 2026,2026-05-18,2026-05-20,131,Home &amp; Garden,3558,3,8,17.0,low,meets quality bars
1485,beach-hacks-kids,https://nailosmetic.com/beach-hacks-kids/,7 Viral Beach Hacks Kids Need for a Stress-Free Summer,2026-06-07,2026-06-07,112,Home &amp; Garden,1525,7,3,17.0,low,meets quality bars
1494,best-snake-nail-designs,https://nailosmetic.com/best-snake-nail-designs/,7 Sizzling Snake Nail Designs That Are Taking Over Your Feed,2026-06-08,2026-06-08,112,Aesthetic &amp; Art,1562,7,3,17.0,low,meets quality bars
1503,outdoor-dining-area-ideas,https://nailosmetic.com/outdoor-dining-area-ideas/,7 Viral Outdoor Dining Area Ideas to Elevate Your Backyard Oasis,2026-06-08,2026-06-08,111,Home &amp; Garden,1500,7,3,17.0,low,meets quality bars
1853,summer-camp-hairstyles,https://nailosmetic.com/summer-camp-hairstyles/,7 Effortless Summer Camp Hairstyles That Will Survive Any Adventure,2026-06-27,2026-06-27,92,Hair &amp; Beauty,1449,7,3,17.0,low,meets quality bars
1521,pucci-nails-trends,https://nailosmetic.com/pucci-nails-trends/,7 Viral Pucci Nails Trends You Need To Try This Season,2026-06-09,2026-06-09,110,Aesthetic &amp; Art,1598,7,3,16.9,low,meets quality bars
2048,western-4th-of-july-outfit,https://nailosmetic.com/western-4th-of-july-outfit/,7 Viral Western 4th of July Outfit Ideas for a Stunning Americana Aesthetic,2026-07-08,2026-07-08,82,Styles &amp; Fashion,1427,7,3,16.9,low,meets quality bars
1555,vintage-terracotta-pots-decor,https://nailosmetic.com/vintage-terracotta-pots-decor/,7 Viral Reasons Why Vintage Terracotta Pots Are Taking Over Interior Design,2026-06-11,2026-06-11,109,Home &amp; Garden,1566,7,3,16.8,low,meets quality bars
1564,cottagecore-nail-designs,https://nailosmetic.com/cottagecore-nail-designs/,7 Dreamy Cottagecore Nail Designs That Will Define Your Aesthetic This Season,2026-06-11,2026-06-11,108,Aesthetic &amp; Art,1504,7,3,16.8,low,meets quality bars
1573,weighted-blanket-bedroom-ideas,https://nailosmetic.com/weighted-blanket-bedroom-ideas/,7 Viral Secrets to Styling the Perfect Weighted Blanket Bedroom,2026-06-12,2026-06-12,108,Bedroom Decor,1563,7,3,16.8,low,meets quality bars
1781,mexico-game-outfit-women,https://nailosmetic.com/mexico-game-outfit-women/,7 Viral Mexico Game Outfit Women Ideas to Slay the Stadium,2026-06-24,2026-06-24,96,Styles &amp; Fashion,1470,7,3,16.8,low,meets quality bars
2128,august-nails-trends,https://nailosmetic.com/august-nails-trends/,7 August Nails Trends That Are Dominating Your Feed This Summer,2026-07-12,2026-07-12,78,Seasonal Trends,1423,7,3,16.8,low,meets quality bars
1582,aura-nail-art-ideas,https://nailosmetic.com/aura-nail-art-ideas/,7 Viral Aura Nail Art Ideas That Will Elevate Your Manicure Game,2026-06-12,2026-06-12,107,Aesthetic &amp; Art,1511,7,3,16.7,low,meets quality bars
1902,july-nails-ideas,https://nailosmetic.com/july-nails-ideas/,7 July Nails Ideas That Are Taking Over Your Feed This Summer,2026-06-30,2026-06-30,89,Seasonal Trends,1454,7,3,16.7,low,meets quality bars
1817,fourth-of-july-hairstyles,https://nailosmetic.com/fourth-of-july-hairstyles/,7 Fourth of July Hairstyles That Will Dominate Your Summer Feed,2026-06-25,2026-06-25,94,Hair &amp; Beauty,1475,7,3,16.5,low,meets quality bars
1660,festival-nail-designs,https://nailosmetic.com/festival-nail-designs/,7 Festival Nail Designs That Will Steal the Spotlight This Season,2026-06-16,2026-06-16,103,Aesthetic &amp; Art,1500,7,3,16.4,low,meets quality bars
1955,western-wedding-guest-outfit,https://nailosmetic.com/western-wedding-guest-outfit/,7 Viral Western Wedding Guest Outfit Ideas That Always Wow,2026-07-03,2026-07-03,87,Styles &amp; Fashion,1460,7,3,16.4,low,meets quality bars
1687,negative-space-nail-art,https://nailosmetic.com/negative-space-nail-art/,7 Viral Negative Space Nail Art Hacks You Need to Try,2026-06-18,2026-06-18,101,Minimalist &amp; Clean Girl,1737,7,3,16.3,low,meets quality bars
1696,2000s-teen-bedroom-ideas,https://nailosmetic.com/2000s-teen-bedroom-ideas/,7 Viral 2000s Teen Bedroom Trends That Are Making a Massive Comeback,2026-06-19,2026-06-19,101,Bedroom Decor,1541,7,3,16.3,low,meets quality bars
1720,french-tip-nail-designs,https://nailosmetic.com/french-tip-nail-designs/,7 Viral 4th of July Nails French Tip Designs You Need to Try,2026-06-21,2026-06-21,99,Seasonal Trends,1508,7,3,16.2,low,meets quality bars
1980,4th-of-july-makeup,https://nailosmetic.com/4th-of-july-makeup/,7 Viral 4th of July Makeup Looks That Will Stop the Show,2026-07-04,2026-07-04,85,Hair &amp; Beauty,1464,7,3,16.2,low,meets quality bars
1729,coastal-bedroom-decor-ideas,https://nailosmetic.com/coastal-bedroom-decor-ideas/,7 Dreamy Ways to Transform Your Bedroom into a Coastal Sanctuary,2026-06-21,2026-06-21,98,Bedroom Decor,1624,7,3,16.1,low,meets quality bars
1738,dorm-checklist-hacks,https://nailosmetic.com/dorm-checklist-hacks/,7 Viral Dorm Checklist Hacks to Transform Your Small Space Into a Sanctuary,2026-06-22,2026-06-22,98,Home &amp; Garden,1611,7,3,16.1,low,meets quality bars
1754,4th-of-july-nails-simple,https://nailosmetic.com/4th-of-july-nails-simple/,7 Viral 4th of July Nails Simple Ideas That Look Expensive,2026-06-22,2026-06-22,97,Seasonal Trends,1670,7,3,16.0,low,meets quality bars
1763,stock-tank-pool-ideas,https://nailosmetic.com/stock-tank-pool-ideas/,7 Viral Stock Tank Pool Ideas for a Luxe Backyard Oasis,2026-06-23,2026-06-23,97,Home &amp; Garden,1587,7,3,16.0,low,meets quality bars
1772,short-fourth-of-july-nails,https://nailosmetic.com/short-fourth-of-july-nails/,7 Viral Short Fourth of July Nails That Look Expensive,2026-06-23,2026-06-23,96,Seasonal Trends,1503,7,3,16.0,low,meets quality bars
1799,short-4th-of-july-nails,https://nailosmetic.com/short-4th-of-july-nails/,7 Chic Short 4th of July Nails Ideas to Elevate Your Holiday Look,2026-06-25,2026-06-25,95,Seasonal Trends,1631,7,3,15.9,low,meets quality bars
1826,whimsical-bedroom-design-ideas,https://nailosmetic.com/whimsical-bedroom-design-ideas/,7 Magical Design Secrets to Create the Ultimate Whimsical Bedroom,2026-06-26,2026-06-26,94,Bedroom Decor,1600,7,3,15.8,low,meets quality bars
3398,hoco-half-up-half-down-hair,https://nailosmetic.com/hoco-half-up-half-down-hair/,Hoco Half Up Half Down Hair,2026-09-23,2026-09-23,5,Hair &amp; Beauty,6402,3,4,15.8,low,meets quality bars
1835,4th-of-july-pedicure,https://nailosmetic.com/4th-of-july-pedicure/,7 Stunning 4th of July Pedicure Ideas to Elevate Your Summer Style,2026-06-26,2026-06-26,93,Seasonal Trends,1538,7,3,15.7,low,meets quality bars
1844,4th-of-july-hair,https://nailosmetic.com/4th-of-july-hair/,7 Viral 4th of July Hair Ideas That Will Own the Fireworks Show,2026-06-27,2026-06-27,93,Hair &amp; Beauty,1518,7,3,15.7,low,meets quality bars
1911,july-nails-trends,https://nailosmetic.com/july-nails-trends/,7 July Nails Trends That Will Make Your Summer Manicure Pop,2026-07-01,2026-07-01,89,Seasonal Trends,1493,7,3,15.7,low,meets quality bars
2075,4th-of-july-hair-styles,https://nailosmetic.com/4th-of-july-hair-styles/,7 Viral 4th of July Hair Styles That Are Perfect for Summer,2026-07-09,2026-07-09,80,Hair &amp; Beauty,1467,7,3,15.7,low,meets quality bars
1882,mexico-makeup-trends,https://nailosmetic.com/mexico-makeup-trends/,7 Vibrant Mexico Makeup Trends You Need To Try This Season,2026-06-29,2026-06-29,91,Hair &amp; Beauty,1532,7,3,15.6,low,meets quality bars
1891,firework-nails-designs,https://nailosmetic.com/firework-nails-designs/,7 Explosive Firework Nails Designs That Are Taking Over Your Feed,2026-06-30,2026-06-30,90,Seasonal Trends,1528,7,3,15.5,low,meets quality bars
1998,bomb-pop-4th-nails,https://nailosmetic.com/bomb-pop-4th-nails/,7 Viral Bomb Pop 4th Nails: The Ultimate Retro-Cool Manicure Trend,2026-07-05,2026-07-05,84,Seasonal Trends,1485,7,3,15.5,low,meets quality bars
2814,nails-for-september,https://nailosmetic.com/nails-for-september/,Nails for September,2026-08-23,2026-08-23,35,Nails and Manicure,5309,5,1,15.5,low,only 1 internal links
1928,4th-of-july-hairstyles-kids,https://nailosmetic.com/4th-of-july-hairstyles-kids/,7 Patriotic 4th of July Hairstyles for Kids That Will Steal the Show,2026-07-01,2026-07-01,88,Hair &amp; Beauty,1645,7,3,15.4,low,meets quality bars
1937,4th-of-july-nails-2026,https://nailosmetic.com/4th-of-july-nails-2026/,7 Viral 4th of July Nails 2026 Looks You Need to Try,2026-07-02,2026-07-02,88,Seasonal Trends,1635,7,3,15.4,low,meets quality bars
2016,july-nails-2026,https://nailosmetic.com/july-nails-2026/,7 Viral July Nails 2026 Trends You Need to Try Before August,2026-07-06,2026-07-06,83,Seasonal Trends,1486,7,3,15.4,low,meets quality bars
1946,july-4-nails-ideas,https://nailosmetic.com/july-4-nails-ideas/,7 Viral July 4 Nails Ideas That Are Taking Over Your Feed,2026-07-02,2026-07-02,87,Seasonal Trends,1550,7,3,15.3,low,meets quality bars
1989,dorm-desk-hutch-hacks,https://nailosmetic.com/dorm-desk-hutch-hacks/,7 Genius Dorm Desk Hutch Ideas to Double Your Study Space,2026-07-05,2026-07-05,85,Home &amp; Garden,1588,7,3,15.2,low,meets quality bars
2007,best-dorm-room-styles,https://nailosmetic.com/best-dorm-room-styles/,7 Viral Dorm Room Styles That Will Transform Your Tiny Space,2026-07-06,2026-07-06,84,Home &amp; Garden,1503,7,3,15.1,low,meets quality bars
2025,july-nail-colors,https://nailosmetic.com/july-nail-colors/,7 Viral July Nail Colors That Are Defining This Summer’s Aesthetic,2026-07-07,2026-07-07,83,Seasonal Trends,1585,7,3,15.1,low,meets quality bars
2057,4th-of-july-nails-blooming-gel,https://nailosmetic.com/4th-of-july-nails-blooming-gel/,7 Viral 4th of July Nails Blooming Gel Designs You Need to Try,2026-07-08,2026-07-08,81,Seasonal Trends,1501,7,3,14.9,low,meets quality bars
2066,viral-firework-nail-designs,https://nailosmetic.com/viral-firework-nail-designs/,7 Viral Firework Nail Designs That Will Ignite Your Manicure Game,2026-07-09,2026-07-09,81,Aesthetic &amp; Art,1598,7,3,14.9,low,meets quality bars
2084,patriotic-nails-designs,https://nailosmetic.com/patriotic-nails-designs/,7 Patriotic Nails Designs That Are Actually Chic: The Ultimate Luxury Manicure Guide,2026-07-10,2026-07-10,80,Seasonal Trends,1514,7,3,14.9,low,meets quality bars
2101,red-white-and-blue-nails,https://nailosmetic.com/red-white-and-blue-nails/,10 Chic Ways to Wear Red White and Blue Nails for Any Occasion,2026-07-10,2026-07-10,79,Aesthetic &amp; Art,1545,7,3,14.8,low,meets quality bars
2110,4th-of-july-toddler-hair,https://nailosmetic.com/4th-of-july-toddler-hair/,7 Viral 4th of July Toddler Hair Ideas That Stay Put All Day,2026-07-11,2026-07-11,79,Hair &amp; Beauty,1541,7,3,14.8,low,meets quality bars
2119,4-of-july-hairstyles,https://nailosmetic.com/4-of-july-hairstyles/,7 Viral 4th of July Hairstyles That Will Turn Heads at Every Backyard BBQ,2026-07-11,2026-07-11,78,Hair &amp; Beauty,1539,7,3,14.7,low,meets quality bars
2200,leo-birthday-nails,https://nailosmetic.com/leo-birthday-nails/,Leo Birthday Nails: 7 Fierce Designs to Command the Spotlight,2026-07-16,2026-07-16,74,Seasonal Trends,1918,7,3,14.4,low,meets quality bars
2226,neopolotin-hair-color-trend,https://nailosmetic.com/neopolotin-hair-color-trend/,Neopolotin Hair Color: The Ultimate Guide to This Sweet Multi-Tonal Trend,2026-07-17,2026-07-17,72,Hair &amp; Beauty,1909,7,3,14.3,low,meets quality bars
2235,ruby-nails-luxury-trend,https://nailosmetic.com/ruby-nails-luxury-trend/,10 Reasons Why Ruby Nails Are The Ultimate Luxury Manicure Trend,2026-07-18,2026-07-18,72,Aesthetic &amp; Art,2001,7,3,14.3,low,meets quality bars
2244,zendaya-makeup-beauty-guide,https://nailosmetic.com/zendaya-makeup-beauty-guide/,Zendaya Makeup: The Ultimate Guide to Recreating Her Iconic Beauty Looks,2026-07-18,2026-07-18,71,Hair &amp; Beauty,1962,7,3,14.2,low,meets quality bars
2253,nail-ideas-y2k,https://nailosmetic.com/nail-ideas-y2k/,10 Iconic Y2K Nail Ideas to Revive Your Nostalgic Manicure Era,2026-07-19,2026-07-19,71,Aesthetic &amp; Art,1974,7,3,14.2,low,meets quality bars
2320,chic-striped-nails-guide,https://nailosmetic.com/chic-striped-nails-guide/,Striped Nails: 7 Chic Designs You Need to Try for Your Next Manicure,2026-07-24,2026-07-24,66,Minimalist &amp; Clean Girl,1958,7,3,13.9,low,meets quality bars
2339,best-back-to-school-braids,https://nailosmetic.com/best-back-to-school-braids/,7 Stunning Back to School Braids to Ace Your Campus Look,2026-07-25,2026-07-25,65,Hair &amp; Beauty,1999,7,3,13.8,low,meets quality bars
2357,cute-back-to-school-hairstyles,https://nailosmetic.com/cute-back-to-school-hairstyles/,10 Cute Back to School Hairstyles That Turn Heads This Semester,2026-07-26,2026-07-26,64,Hair &amp; Beauty,1948,7,3,13.8,low,meets quality bars
2366,halloween-hair-ideas,https://nailosmetic.com/halloween-hair-ideas/,10 Spooky & Chic Halloween Hair Ideas to Elevate Your Costume,2026-07-26,2026-07-26,63,Hair &amp; Beauty,2040,7,3,13.7,low,meets quality bars
2375,nail-inspo-back-to-school,https://nailosmetic.com/nail-inspo-back-to-school/,15 Trendy Nail Inspo Back to School Ideas for a Stylish Semester,2026-07-27,2026-07-27,63,Seasonal Trends,1789,7,3,13.7,low,meets quality bars
2420,nail-inspo-for-school,https://nailosmetic.com/nail-inspo-for-school/,10 Chic & Trendy Nail Inspo for School Ideas That Elevate Your Look,2026-07-30,2026-07-30,60,Minimalist &amp; Clean Girl,1788,7,3,13.5,low,meets quality bars
2456,slick-back-hairstyles-guide,https://nailosmetic.com/slick-back-hairstyles-guide/,7 Chic Slick Back Hairstyles: The Ultimate Guide to Editorial Hair,2026-08-01,2026-08-01,58,Hair &amp; Beauty,2067,7,3,13.3,low,meets quality bars
2483,nails-for-august,https://nailosmetic.com/nails-for-august/,10 Trendy Nails for August: The Ultimate Guide to Late Summer Manicures,2026-08-02,2026-08-02,56,Seasonal Trends,1828,7,3,13.2,low,meets quality bars
2519,skin-boil-management-guide,https://nailosmetic.com/skin-boil-management-guide/,Managing Skin Boils: Professional Beauty & Hygiene Tips for Radiant Skin,2026-08-04,2026-08-04,54,Hair &amp; Beauty,1761,7,3,13.1,low,meets quality bars
2537,simple-fall-nails,https://nailosmetic.com/simple-fall-nails/,15 Simple Fall Nails That Are Defining Autumn Elegance,2026-08-06,2026-08-06,53,Seasonal Trends,1723,7,3,13.0,low,meets quality bars
2555,hiking-outfit-women,https://nailosmetic.com/hiking-outfit-women/,The Ultimate Hiking Outfit Women’s Guide: Functional Meets High Fashion,2026-08-07,2026-08-07,51,Styles &amp; Fashion,1774,7,3,12.9,low,meets quality bars
2609,short-fall-nails,https://nailosmetic.com/short-fall-nails/,10 Chic Short Fall Nails: The Ultimate Autumn Manicure Edit,2026-08-10,2026-08-10,48,Seasonal Trends,1958,7,3,12.7,low,meets quality bars
2636,fall-mantle-decor-ideas,https://nailosmetic.com/fall-mantle-decor-ideas/,10 Chic Fall Mantle Decor Ideas to Elevate Your Living Room Aesthetic,2026-08-12,2026-08-12,46,Home &amp; Garden,2184,7,3,12.5,low,meets quality bars
2654,end-of-summer-nails-ideas,https://nailosmetic.com/end-of-summer-nails-ideas/,10 Chic End of Summer Nails Ideas to Transition Into Autumn,2026-08-13,2026-08-13,45,Seasonal Trends,1978,7,3,12.5,low,meets quality bars
2663,back-to-school-nails-2026,https://nailosmetic.com/back-to-school-nails-2026/,Back to School Nails 2026: The Ultimate Guide to Classroom-Ready Manicures,2026-08-14,2026-08-14,45,Seasonal Trends,1846,7,3,12.5,low,meets quality bars
2681,picture-day-hairstyles,https://nailosmetic.com/picture-day-hairstyles/,10 Picture Day Hairstyles That Guarantee a Flawless School Portrait,2026-08-15,2026-08-15,43,Hair &amp; Beauty,1876,7,3,12.3,low,meets quality bars
2708,fall-hairstyles-black-women,https://nailosmetic.com/fall-hairstyles-black-women/,10 Chic Fall Hairstyles for Black Women: The Ultimate Seasonal Guide,2026-08-17,2026-08-17,42,Hair &amp; Beauty,1858,7,3,12.3,low,meets quality bars
2717,best-nails-for-fall,https://nailosmetic.com/best-nails-for-fall/,7 Luxurious Nails for Fall Trends That Define Autumn Elegance,2026-08-17,2026-08-17,41,Seasonal Trends,1829,7,3,12.2,low,meets quality bars
2735,september-nails-designs,https://nailosmetic.com/september-nails-designs/,15 Chic September Nails Designs to Elevate Your Seasonal Transition,2026-08-18,2026-08-18,40,Seasonal Trends,2002,7,3,12.1,low,meets quality bars
2744,fresh-spring-nail-trends,https://nailosmetic.com/fresh-spring-nail-trends/,10 Fresh Spring Nail Trends for Short Nails: Elevate Your Manicure in 2024,2026-08-19,2026-08-19,40,Seasonal Trends,1797,7,3,12.1,low,meets quality bars
3250,pumpkin-spice-latte-makeup-look,https://nailosmetic.com/pumpkin-spice-latte-makeup-look/,Pumpkin Spice Latte Makeup Look,2026-09-15,2026-09-15,13,Hair &amp; Beauty,4601,9,2,12.1,low,only 2 internal links
2789,noah-kahan-concert-outfit,https://nailosmetic.com/noah-kahan-concert-outfit/,Noah Kahan Concert Outfit Guide: 7 Chic Looks for the ‘Stick Season’ Vibe,2026-08-22,2026-08-22,37,Styles &amp; Fashion,1967,7,3,11.9,low,meets quality bars
2807,september-nail-colors-trends,https://nailosmetic.com/september-nail-colors-trends/,10 Chic September Nail Colors to Transition Your Manicure Into Fall,2026-08-23,2026-08-23,36,Seasonal Trends,2016,7,3,11.8,low,meets quality bars
2823,september-nail-inspo,https://nailosmetic.com/september-nail-inspo/,September Nail Inspo,2026-08-23,2026-08-23,35,Nails and Manicure,5731,7,3,11.8,low,meets quality bars
2835,lowlights-and-highlights-for-aging-hair,https://nailosmetic.com/lowlights-and-highlights-for-aging-hair/,Lowlights and Highlights for Aging Hair,2026-08-24,2026-08-24,35,Hair &amp; Beauty,4522,10,3,11.8,low,meets quality bars
2846,edgy-alt-haircuts-for-women,https://nailosmetic.com/edgy-alt-haircuts-for-women/,Edgy Alt Haircuts for Women,2026-08-24,2026-08-24,34,Hair &amp; Beauty,5489,9,3,11.7,low,meets quality bars
2855,shaggy-bob-haircut-for-90s-aesthetic,https://nailosmetic.com/shaggy-bob-haircut-for-90s-aesthetic/,Shaggy Bob Haircut for 90s Aesthetic,2026-08-25,2026-08-25,34,Hair &amp; Beauty,5018,7,3,11.7,low,meets quality bars
2864,september-nails-ideas,https://nailosmetic.com/september-nails-ideas/,September Nails Ideas,2026-08-25,2026-08-25,33,Nails and Manicure,4104,7,3,11.6,low,meets quality bars
2873,colorful-y2k-nail-art-for-summer,https://nailosmetic.com/colorful-y2k-nail-art-for-summer/,Colorful Y2K Nail Art for Summer,2026-08-27,2026-08-27,32,Nails and Manicure,4830,7,3,11.6,low,meets quality bars
2882,kesha-makeup,https://nailosmetic.com/kesha-makeup/,Kesha Makeup,2026-08-27,2026-08-27,31,Hair &amp; Beauty,3850,7,3,11.5,low,meets quality bars
2892,simple-september-nails,https://nailosmetic.com/simple-september-nails/,Simple September Nails,2026-08-28,2026-08-28,31,Nails and Manicure,4105,8,3,11.5,low,meets quality bars
2904,transition-nails-summer-to-fall,https://nailosmetic.com/transition-nails-summer-to-fall/,Transition Nails Summer to Fall,2026-08-28,2026-08-28,30,Nails and Manicure,4986,10,3,11.4,low,meets quality bars
2915,nail-ideas-september,https://nailosmetic.com/nail-ideas-september/,Nail Ideas September,2026-08-29,2026-08-29,30,Nails and Manicure,4100,9,3,11.4,low,meets quality bars
2926,bandana-hair-styles-for-bad-hair-days,https://nailosmetic.com/bandana-hair-styles-for-bad-hair-days/,Bandana Hair Styles for Bad Hair Days,2026-08-29,2026-08-29,30,Hair &amp; Beauty,4919,9,3,11.4,low,meets quality bars
2938,wedding-updo-ideas-for-boho-style,https://nailosmetic.com/wedding-updo-ideas-for-boho-style/,Wedding Updo Ideas for Boho Style,2026-08-29,2026-08-29,29,Hair &amp; Beauty,4924,10,3,11.4,low,meets quality bars
2948,fall-pedicures,https://nailosmetic.com/fall-pedicures/,Fall Pedicure Ideas,2026-08-30,2026-08-30,29,Nails and Manicure,4086,8,3,11.4,low,meets quality bars
2958,nail-inspo-september,https://nailosmetic.com/nail-inspo-september/,Nail Inspo September,2026-08-30,2026-08-30,28,Nails and Manicure,4007,8,3,11.3,low,meets quality bars
2969,september-nail-designs,https://nailosmetic.com/september-nail-designs/,September Nail Designs,2026-08-31,2026-08-31,28,Nails and Manicure,4645,9,3,11.3,low,meets quality bars
2982,summer-into-fall-nails,https://nailosmetic.com/summer-into-fall-nails/,Summer Into Fall Nails,2026-09-01,2026-09-01,27,Nails and Manicure,4486,11,3,11.2,low,meets quality bars
2991,butterfly-clips-hairstyles-for-short-hair,https://nailosmetic.com/butterfly-clips-hairstyles-for-short-hair/,Butterfly Clips Hairstyles for Short Hair,2026-09-01,2026-09-01,27,Hair &amp; Beauty,4437,7,3,11.2,low,meets quality bars
3001,dolly-parton-makeup,https://nailosmetic.com/dolly-parton-makeup/,Dolly Parton Makeup,2026-09-01,2026-09-01,26,Hair &amp; Beauty,4199,8,3,11.2,low,meets quality bars
3013,early-september-nails,https://nailosmetic.com/early-september-nails/,Early September Nails,2026-09-02,2026-09-02,26,Nails and Manicure,5008,10,3,11.2,low,meets quality bars
3021,back-to-school-makeup-for-teens,https://nailosmetic.com/back-to-school-makeup-for-teens/,Back to School Makeup for Teens,2026-09-04,2026-09-04,24,Hair &amp; Beauty,4688,6,3,11.0,low,meets quality bars
3030,fall-pink-nails,https://nailosmetic.com/fall-pink-nails/,Fall Pink Nails,2026-09-04,2026-09-04,23,Nails and Manicure,4102,7,3,11.0,low,meets quality bars
3040,fall-chalkboard,https://nailosmetic.com/fall-chalkboard/,Fall Chalkboard,2026-09-05,2026-09-05,23,Home &amp; Garden,4945,8,3,11.0,low,meets quality bars
3052,september-nails-square,https://nailosmetic.com/september-nails-square/,September Nails Square,2026-09-05,2026-09-05,22,Nails and Manicure,5062,10,3,10.9,low,meets quality bars
3065,fall-nails-2026-color-trends,https://nailosmetic.com/fall-nails-2026-color-trends/,Fall Nails 2026 Color Trends,2026-09-06,2026-09-06,22,Nails and Manicure,4316,11,3,10.9,low,meets quality bars
3079,september-nails-2026,https://nailosmetic.com/september-nails-2026/,September Nails 2026,2026-09-06,2026-09-06,21,Nails and Manicure,4817,12,3,10.8,low,meets quality bars
3090,september-2026-nails,https://nailosmetic.com/september-2026-nails/,September 2026 Nails,2026-09-07,2026-09-07,21,Nails and Manicure,4949,9,3,10.8,low,meets quality bars
3101,september-toe-nails-color,https://nailosmetic.com/september-toe-nails-color/,September Toe Nails Color,2026-09-07,2026-09-07,20,Nails and Manicure,3993,9,3,10.7,low,meets quality bars
3111,fall-nail-colors-2026,https://nailosmetic.com/fall-nail-colors-2026/,Fall Nail Colors 2026,2026-09-08,2026-09-08,20,Nails and Manicure,4513,8,3,10.7,low,meets quality bars
3123,fall-themed-nails-simple,https://nailosmetic.com/fall-themed-nails-simple/,Fall Themed Nails Simple,2026-09-08,2026-09-08,19,Nails and Manicure,5055,10,3,10.7,low,meets quality bars
3133,bedazzling-ideas,https://nailosmetic.com/bedazzling-ideas/,Bedazzling Ideas,2026-09-09,2026-09-09,19,Home &amp; Garden,4113,8,3,10.7,low,meets quality bars
3144,spooky-cute-skull-makeup-easy,https://nailosmetic.com/spooky-cute-skull-makeup-easy/,Spooky Cute Skull Makeup Easy,2026-09-09,2026-09-09,18,Hair &amp; Beauty,4641,9,3,10.6,low,meets quality bars
3156,fall-gel-nails,https://nailosmetic.com/fall-gel-nails/,Fall Gel Nails,2026-09-10,2026-09-10,18,Nails and Manicure,4846,10,3,10.6,low,meets quality bars
3163,ghostly-porcelain-skin-makeup-tutorial,https://nailosmetic.com/ghostly-porcelain-skin-makeup-tutorial/,Ghostly Porcelain Skin Makeup Tutorial,2026-09-10,2026-09-10,17,Hair &amp; Beauty,4030,5,3,10.5,low,meets quality bars
3173,classy-fall-nails,https://nailosmetic.com/classy-fall-nails/,Classy Fall Nails,2026-09-11,2026-09-11,17,Nails and Manicure,4941,8,3,10.5,low,meets quality bars
3186,cute-nails-for-fall,https://nailosmetic.com/cute-nails-for-fall/,Cute Nails for Fall,2026-09-11,2026-09-11,16,Nails and Manicure,4907,11,3,10.5,low,meets quality bars
3207,fall-blue-nails,https://nailosmetic.com/fall-blue-nails/,Fall Blue Nails,2026-09-12,2026-09-12,15,Nails and Manicure,4934,7,3,10.4,low,meets quality bars
3218,cute-fall-almond-nails,https://nailosmetic.com/cute-fall-almond-nails/,Cute Fall Almond Nails,2026-09-13,2026-09-13,15,Nails and Manicure,4121,9,3,10.4,low,meets quality bars
3228,fall-french-tip,https://nailosmetic.com/fall-french-tip/,Fall French Tip,2026-09-13,2026-09-13,14,Nails and Manicure,4021,8,3,10.3,low,meets quality bars
3239,fall-pedicures,https://nailosmetic.com/fall-pedicures/,Fall Pedicures,2026-09-14,2026-09-14,14,Nails and Manicure,5178,9,3,10.3,low,meets quality bars
3261,fall-sunflower-nails,https://nailosmetic.com/fall-sunflower-nails/,Fall Sunflower Nails,2026-09-15,2026-09-15,12,Nails and Manicure,4883,9,3,10.2,low,meets quality bars
3272,fall-table-centerpieces,https://nailosmetic.com/fall-table-centerpieces/,Fall Table Centerpieces,2026-09-16,2026-09-16,12,Home &amp; Garden,4514,9,3,10.2,low,meets quality bars
3281,fall-checkered-nails,https://nailosmetic.com/fall-checkered-nails/,Fall Checkered Nails,2026-09-16,2026-09-16,11,Nails and Manicure,4492,7,3,10.1,low,meets quality bars
3290,creative-halloween-makeup-2026,https://nailosmetic.com/creative-halloween-makeup-2026/,Creative Halloween Makeup 2026,2026-09-17,2026-09-17,11,Hair &amp; Beauty,4040,7,3,10.1,low,meets quality bars
3302,fall-nails-september,https://nailosmetic.com/fall-nails-september/,Fall Nails September,2026-09-17,2026-09-17,10,Nails and Manicure,4103,10,3,10.1,low,meets quality bars
3312,fall-nails-inspo-2026,https://nailosmetic.com/fall-nails-inspo-2026/,Early Autumn Nails,2026-09-18,2026-09-18,10,Nails and Manicure,3914,8,3,10.1,low,meets quality bars
3322,fall-nail-inspo-brown,https://nailosmetic.com/fall-nail-inspo-brown/,Fall Nails Brown Chrome,2026-09-18,2026-09-18,9,Nails and Manicure,4791,8,3,10.0,low,meets quality bars
3332,fall-pumpkin-nail-designs,https://nailosmetic.com/fall-pumpkin-nail-designs/,Pumpkin Spice Nail Designs,2026-09-19,2026-09-19,9,Nails and Manicure,4040,8,3,10.0,low,meets quality bars
3343,fall-nail-inspo-brown,https://nailosmetic.com/fall-nail-inspo-brown/,Fall Nail Inspo Brown,2026-09-19,2026-09-19,8,Nails and Manicure,5066,9,3,9.9,low,meets quality bars
3354,halloween-window-painting,https://nailosmetic.com/halloween-window-painting/,Halloween Window Painting,2026-09-20,2026-09-20,8,Home &amp; Garden,4246,9,3,9.9,low,meets quality bars
3363,hoco-makeup-inspo,https://nailosmetic.com/hoco-makeup-inspo/,Hoco Makeup Inspo,2026-09-20,2026-09-20,7,Hair &amp; Beauty,4254,7,3,9.9,low,meets quality bars
3376,september-fall-nails,https://nailosmetic.com/september-fall-nails/,September Fall Nails,2026-09-21,2026-09-21,7,Nails and Manicure,4850,11,3,9.9,low,meets quality bars
3385,curly-hoco-hairstyles,https://nailosmetic.com/curly-hoco-hairstyles/,Curly Hoco Hairstyles,2026-09-21,2026-09-21,6,Hair &amp; Beauty,4045,7,3,9.8,low,meets quality bars
3393,hoco-makeup-tutorial,https://nailosmetic.com/hoco-makeup-tutorial/,Hoco Makeup Tutorial,2026-09-22,2026-09-22,5,Hair &amp; Beauty,4047,6,3,9.7,low,meets quality bars
3408,fall-nails-inspo-2026,https://nailosmetic.com/fall-nails-inspo-2026/,Fall Nails Inspo 2026,2026-09-23,2026-09-23,4,Nails and Manicure,4328,8,3,9.6,low,meets quality bars
3415,simple-hoco-hairstyles,https://nailosmetic.com/simple-hoco-hairstyles/,Simple Hoco Hairstyles,2026-09-24,2026-09-24,4,Hair &amp; Beauty,6817,5,3,9.6,low,meets quality bars
3423,trendy-halloween-nails,https://nailosmetic.com/trendy-halloween-nails/,Trendy Halloween Nails,2026-09-24,2026-09-24,3,Nails and Manicure,4239,6,3,9.6,low,meets quality bars
3434,simple-hoco-hairstyles,https://nailosmetic.com/simple-hoco-hairstyles/,Hair Styles for Hoco,2026-09-25,2026-09-25,3,Hair &amp; Beauty,4121,9,3,9.6,low,meets quality bars
3447,fall-pumpkin-nail-designs,https://nailosmetic.com/fall-pumpkin-nail-designs/,Fall Pumpkin Nail Designs,2026-09-25,2026-09-25,2,Nails and Manicure,4927,10,3,9.5,low,meets quality bars
3460,fall-funky-nails,https://nailosmetic.com/fall-funky-nails/,Fall Funky Nails,2026-09-26,2026-09-26,2,Nails and Manicure,4356,11,3,9.5,low,meets quality bars
3471,simple-hoco-hairstyles,https://nailosmetic.com/simple-hoco-hairstyles/,Easy Homecoming Hairstyles,2026-09-26,2026-09-26,1,Hair &amp; Beauty,4378,9,3,9.4,low,meets quality bars
3481,fall-nails-red-burgundy,https://nailosmetic.com/fall-nails-red-burgundy/,Fall Nails Red Burgundy,2026-09-27,2026-09-27,1,Nails and Manicure,4005,8,3,9.4,low,meets quality bars
3490,fall-cat-eye-nail-designs,https://nailosmetic.com/fall-cat-eye-nail-designs/,Fall Cat Eye Nail Designs,2026-09-27,2026-09-27,0,Nails and Manicure,4990,7,3,9.4,low,meets quality bars
3198,fall-aura-nails,https://nailosmetic.com/fall-aura-nails/,Fall Aura Nails,2026-09-12,2026-09-12,16,Nails and Manicure,4488,9,4,8.6,low,meets quality bars
