id,date,length,slug,link,current_title,suggested_title,issues
900,2026-05-10,67,cute-prom-pictures-ideas,https://nailosmetic.com/cute-prom-pictures-ideas/,7 Viral Poses and Outfits for The Most Aesthetic Cute Prom Pictures,7 Viral Poses and Outfits for the Most Aesthetic Cute Prom Pictures,"TOO_LONG: Title is 67 chars (>60 chars, may truncate in Google SERPs)."
932,2026-05-12,72,prom-makeup-tutorial-hacks,https://nailosmetic.com/prom-makeup-tutorial-hacks/,7 Viral Prom Makeup Tutorial Hacks to Guarantee You Slay the Dance Floor,7 Viral Prom Makeup Tutorial Hacks to Guarantee You Slay the Dance Floor,"TOO_LONG: Title is 72 chars (>60 chars, may truncate in Google SERPs)."
912,2026-05-10,61,chic-winter-outfits-trends,https://nailosmetic.com/chic-winter-outfits-trends/,7 Winter Outfits That Will Make You Look Expensive All Season,7 Winter Outfits That Will Make You Look Expensive All Season,"TOO_LONG: Title is 61 chars (>60 chars, may truncate in Google SERPs)."
937,2026-05-13,61,perfect-wash-and-go-curly-hair,https://nailosmetic.com/perfect-wash-and-go-curly-hair/,5 Game-Changing Secrets to the Perfect Wash and Go Curly Hair,5 Game-Changing Secrets to the Perfect Wash and Go Curly Hair,"TOO_LONG: Title is 61 chars (>60 chars, may truncate in Google SERPs)."
927,2026-05-12,63,honey-blonde-highlights-ideas,https://nailosmetic.com/honey-blonde-highlights-ideas/,7 Honey Blonde Highlights Ideas to Brighten Your Mane Instantly,7 Honey Blonde Highlights Ideas to Brighten Your Mane Instantly,"TOO_LONG: Title is 63 chars (>60 chars, may truncate in Google SERPs)."
53,2026-04-03,61,spring-nail-designs-inspo,https://nailosmetic.com/spring-nail-designs-inspo/,25+ Stunning Spring Nail Designs You Will Obsess Over in 2026,25+ Stunning Spring Nail Designs You Will Obsess Over in 2026,"TOO_LONG: Title is 61 chars (>60 chars, may truncate in Google SERPs)."
589,2026-04-25,55,essential-clothes-guide,https://nailosmetic.com/essential-clothes-guide/,15 Essential Clothes for Every Stylish Wardrobe in 2024,15 Essential Clothes for Every Stylish Wardrobe in 2026,OUTDATED_YEAR: Mentions '2024' but post was published in '2026'.
787,2026-05-04,66,dazzling-bracelet-ideas,https://nailosmetic.com/dazzling-bracelet-ideas/,7 Dazzling Bracelet Ideas to Instantly Elevate Your Everyday Style,7 Dazzling Bracelet Ideas to Instantly Elevate Your Everyday Style,"TOO_LONG: Title is 66 chars (>60 chars, may truncate in Google SERPs)."
597,2026-04-26,74,front-yard-landscaping-ideas,https://nailosmetic.com/front-yard-landscaping-ideas/,15+ Stunning Front Yard Landscaping Ideas to Boost Your Home’s Curb Appeal,15+ Stunning Front Yard Landscaping Ideas to Boost Your Home’s Curb Appeal,"TOO_LONG: Title is 74 chars (>60 chars, may truncate in Google SERPs)."
487,2026-04-21,68,tulip-farm-outfit-ideas,https://nailosmetic.com/tulip-farm-outfit-ideas/,25+ Dreamy Tulip Farm Outfit Ideas for Your Most Picturesque Moments,25+ Dreamy Tulip Farm Outfit Ideas for Your Most Picturesque Moments,"TOO_LONG: Title is 68 chars (>60 chars, may truncate in Google SERPs)."
386,2026-04-20,79,concrete-block-garden-beds,https://nailosmetic.com/concrete-block-garden-beds/,25+ Budget-Friendly Concrete Block Garden Bed Ideas for a Stylish Outdoor Space,25+ Budget-Friendly Concrete Block Garden Bed Ideas for a Stylish Outdoor Space,"TOO_LONG: Title is 79 chars (>60 chars, may truncate in Google SERPs)."
454,2026-04-21,68,deer-proof-garden-fence-ideas,https://nailosmetic.com/deer-proof-garden-fence-ideas/,25+ Ingenious Deer Proof Garden Fence Ideas to Protect Your Paradise,25+ Ingenious Deer Proof Garden Fence Ideas to Protect Your Paradise,"TOO_LONG: Title is 68 chars (>60 chars, may truncate in Google SERPs)."
494,2026-04-21,63,shaggy-bob-haircut-ideas-2,https://nailosmetic.com/shaggy-bob-haircut-ideas-2/,25+ Effortless Shaggy Bob Haircut Ideas to Revitalize Your Look,25+ Effortless Shaggy Bob Haircut Ideas to Revitalize Your Look,"TOO_LONG: Title is 63 chars (>60 chars, may truncate in Google SERPs)."
480,2026-04-21,65,seashell-nail-art-ideas,https://nailosmetic.com/seashell-nail-art-ideas/,25+ Stunning Seashell Nail Art Ideas to Transport You to Paradise,25+ Stunning Seashell Nail Art Ideas to Transport You to Paradise,"TOO_LONG: Title is 65 chars (>60 chars, may truncate in Google SERPs)."
468,2026-04-21,63,tire-garden-ideas,https://nailosmetic.com/tire-garden-ideas/,25+ Brilliant Tire Garden Ideas to Transform Your Outdoor Space,25+ Brilliant Tire Garden Ideas to Transform Your Outdoor Space,"TOO_LONG: Title is 63 chars (>60 chars, may truncate in Google SERPs)."
830,2026-05-07,73,spring-nail-ideas,https://nailosmetic.com/spring-nail-ideas/,Spring Nail Secrets: 7 Gorgeous Ideas to Bloom Your Manicure This Season!,Spring Nail Secrets: 7 Gorgeous Ideas to Bloom Your Manicure This Season!,"TOO_LONG: Title is 73 chars (>60 chars, may truncate in Google SERPs)."
427,2026-04-20,63,mailbox-garden-ideas,https://nailosmetic.com/mailbox-garden-ideas/,25+ Enchanting Mailbox Garden Ideas to Elevate Your Curb Appeal,25+ Enchanting Mailbox Garden Ideas to Elevate Your Curb Appeal,"TOO_LONG: Title is 63 chars (>60 chars, may truncate in Google SERPs)."
778,2026-05-04,65,texas-rangers-outfit-guide,https://nailosmetic.com/texas-rangers-outfit-guide/,Score Big on Style: Your Ultimate Texas Rangers Game Outfit Guide,Score Big on Style: Your Ultimate Texas Rangers Game Outfit Guide,"TOO_LONG: Title is 65 chars (>60 chars, may truncate in Google SERPs)."
693,2026-04-29,62,summer-toe-nails-designs,https://nailosmetic.com/summer-toe-nails-designs/,25+ Dazzling Summer Toe Nail Designs for Your Perfect Pedicure,25+ Dazzling Summer Toe Nail Designs for Your Perfect Pedicure,"TOO_LONG: Title is 62 chars (>60 chars, may truncate in Google SERPs)."
509,2026-04-22,66,korean-nail-art-ideas,https://nailosmetic.com/korean-nail-art-ideas/,25+ Enchanting Korean Nail Art Ideas to Elevate Your Manicure Game,25+ Enchanting Korean Nail Art Ideas to Elevate Your Manicure Game,"TOO_LONG: Title is 66 chars (>60 chars, may truncate in Google SERPs)."
796,2026-05-05,68,baseball-game-outfit,https://nailosmetic.com/baseball-game-outfit/,Score Big Style: 7 Must-Have Baseball Game Outfit Ideas You’ll Love!,Score Big Style: 7 Must-Have Baseball Game Outfit Ideas You’ll Love!,"TOO_LONG: Title is 68 chars (>60 chars, may truncate in Google SERPs)."
815,2026-05-06,66,white-prom-nails,https://nailosmetic.com/white-prom-nails/,10 Dazzling White Prom Nail Ideas: Your Ultimate Fairytale Finish!,10 Dazzling White Prom Nail Ideas: Your Ultimate Fairytale Finish!,"TOO_LONG: Title is 66 chars (>60 chars, may truncate in Google SERPs)."
1443,2026-06-05,76,vacation-outfit-ideas,https://nailosmetic.com/vacation-outfit-ideas/,10 Viral Vacation Outfit Ideas: How to Pack Like a Pro for Your Next Getaway,10 Viral Vacation Outfit Ideas: How to Pack Like a Pro for Your Next Getaway,"TOO_LONG: Title is 76 chars (>60 chars, may truncate in Google SERPs)."
523,2026-04-22,63,glamorous-birthday-nail-ideas,https://nailosmetic.com/glamorous-birthday-nail-ideas/,20+ Glamorous Birthday Nail Ideas to Celebrate Your Special Day,20+ Glamorous Birthday Nail Ideas to Celebrate Your Special Day,"TOO_LONG: Title is 63 chars (>60 chars, may truncate in Google SERPs)."
740,2026-05-02,71,spring-corporate-outfits,https://nailosmetic.com/spring-corporate-outfits/,Unlock Your Spring Style: 7 Chic Corporate Outfits You Need This Season,Unlock Your Spring Style: 7 Chic Corporate Outfits You Need This Season,"TOO_LONG: Title is 71 chars (>60 chars, may truncate in Google SERPs)."
804,2026-05-05,72,butterfly-nail-designs,https://nailosmetic.com/butterfly-nail-designs/,Flutter Into Fabulous: 7 Stunning Butterfly Nail Designs You NEED to Try,Flutter Into Fabulous: 7 Stunning Butterfly Nail Designs You Need to Try,"TOO_LONG: Title is 72 chars (>60 chars, may truncate in Google SERPs)."
866,2026-05-08,90,ultimate-box-braids-styles,https://nailosmetic.com/ultimate-box-braids-styles/,Unlock Your Ultimate Look: 7 Stunning Box Braid Styles to Inspire Your Next Transformation,Unlock Your Ultimate Look: 7 Stunning Box Braid Styles to Inspire Your Next Transformation,"TOO_LONG: Title is 90 chars (>60 chars, may truncate in Google SERPs)."
210,2026-04-14,76,sizzling-baddie-nail-designs,https://nailosmetic.com/sizzling-baddie-nail-designs/,Unleash Your Inner Boss: 7 Sizzling Baddie Nail Designs That Slay Every Look,Unleash Your Inner Boss: 7 Sizzling Baddie Nail Designs That Slay Every Look,"TOO_LONG: Title is 76 chars (>60 chars, may truncate in Google SERPs)."
859,2026-05-08,68,cinco-de-mayo-nails,https://nailosmetic.com/cinco-de-mayo-nails/,6 Fiery Cinco de Mayo Nail Designs That Will Ignite Your Celebration,6 Fiery Cinco De Mayo Nail Designs That Will Ignite Your Celebration,"TOO_LONG: Title is 68 chars (>60 chars, may truncate in Google SERPs)."
288,2026-04-18,72,san-francisco-outfits-spring,https://nailosmetic.com/san-francisco-outfits-spring/,25+ Stunning San Francisco Outfits for Spring: Your Ultimate Style Guide,25+ Stunning San Francisco Outfits for Spring: Your Ultimate Style Guide,"TOO_LONG: Title is 72 chars (>60 chars, may truncate in Google SERPs)."
295,2026-04-18,65,japanese-nail-designs,https://nailosmetic.com/japanese-nail-designs/,15 Exquisite Japanese Nail Designs: A Guide to Elevated Manicures,15 Exquisite Japanese Nail Designs: a Guide to Elevated Manicures,"TOO_LONG: Title is 65 chars (>60 chars, may truncate in Google SERPs)."
651,2026-04-27,63,celestial-nail-art-ideas,https://nailosmetic.com/celestial-nail-art-ideas/,20+ Stellar Celestial Nail Art Ideas That Are Out Of This World,20+ Stellar Celestial Nail Art Ideas That Are Out of This World,"TOO_LONG: Title is 63 chars (>60 chars, may truncate in Google SERPs)."
328,2026-04-19,78,elegant-updo-hairstyles,https://nailosmetic.com/elegant-updo-hairstyles/,15+ Elegant Updo Hairstyles for Every Occasion: Your Guide to Timeless Glamour,15+ Elegant Updo Hairstyles for Every Occasion: Your Guide to Timeless Glamour,"TOO_LONG: Title is 78 chars (>60 chars, may truncate in Google SERPs)."
167,2026-04-12,67,7-exquisite-holiday-nail-art-designs,https://nailosmetic.com/7-exquisite-holiday-nail-art-designs/,7 Exquisite Holiday Nail Art Designs to Elevate Your Festive Season,7 Exquisite Holiday Nail Art Designs to Elevate Your Festive Season,"TOO_LONG: Title is 67 chars (>60 chars, may truncate in Google SERPs)."
377,2026-04-20,65,easter-outfit-women-guide,https://nailosmetic.com/easter-outfit-women-guide/,25+ Chic Easter Outfit Ideas for Women: Your Ultimate Style Guide,25+ Chic Easter Outfit Ideas for Women: Your Ultimate Style Guide,"TOO_LONG: Title is 65 chars (>60 chars, may truncate in Google SERPs)."
573,2026-04-24,68,chocolate-brown-hair-styles,https://nailosmetic.com/chocolate-brown-hair-styles/,21 Irresistible Chocolate Brown Hair Colors & Styles for a Rich Look,21 Irresistible Chocolate Brown Hair Colors & Styles for a Rich Look,"TOO_LONG: Title is 68 chars (>60 chars, may truncate in Google SERPs)."
678,2026-04-28,66,organic-cotton-bedding-styles,https://nailosmetic.com/organic-cotton-bedding-styles/,7 Dreamy Organic Cotton Bedding Styles for Your Eco-Chic Sanctuary,7 Dreamy Organic Cotton Bedding Styles for Your Eco-Chic Sanctuary,"TOO_LONG: Title is 66 chars (>60 chars, may truncate in Google SERPs)."
234,2026-04-15,62,luxe-marble-nail-art,https://nailosmetic.com/luxe-marble-nail-art/,"10 Exquisite Marble Nail Art Designs for a Timeless, Luxe Look","10 Exquisite Marble Nail Art Designs for a Timeless, Luxe Look","TOO_LONG: Title is 62 chars (>60 chars, may truncate in Google SERPs)."
537,2026-04-23,63,chic-beach-nail-art,https://nailosmetic.com/chic-beach-nail-art/,15+ Chic Beach Nail Art Ideas for Your Luxurious Summer Getaway,15+ Chic Beach Nail Art Ideas for Your Luxurious Summer Getaway,"TOO_LONG: Title is 63 chars (>60 chars, may truncate in Google SERPs)."
621,2026-04-26,64,old-money-nail-aesthetic,https://nailosmetic.com/old-money-nail-aesthetic/,Old Money Nail Aesthetic: 7 Chic Manicures for Timeless Elegance,Old Money Nail Aesthetic: 7 Chic Manicures for Timeless Elegance,"TOO_LONG: Title is 64 chars (>60 chars, may truncate in Google SERPs)."
884,2026-05-09,65,spring-nail-ideas-2026,https://nailosmetic.com/spring-nail-ideas-2026/,7 Unforgettable Spring Nail Ideas 2026: The Luxury Editor’s Picks,7 Unforgettable Spring Nail Ideas 2026: the Luxury Editor’s Picks,"TOO_LONG: Title is 65 chars (>60 chars, may truncate in Google SERPs)."
662,2026-04-28,81,future-fabrics-ethical-chic-bio-couture,https://nailosmetic.com/future-fabrics-ethical-chic-bio-couture/,Future Fabrics & Ethical Chic: How to Style 2026’s Bio-Couture & Circular Fashion,Future Fabrics & Ethical Chic: How to Style 2026’s Bio-Couture & Circular Fashion,"TOO_LONG: Title is 81 chars (>60 chars, may truncate in Google SERPs)."
771,2026-05-04,69,bio-textile-revolution-fashion-2026-2027,https://nailosmetic.com/bio-textile-revolution-fashion-2026-2027/,Beyond Cotton: The Bio-Textile Revolution Reshaping 2026-2027 Fashion,Beyond Cotton: the Bio-Textile Revolution Reshaping 2026-2027 Fashion,"TOO_LONG: Title is 69 chars (>60 chars, may truncate in Google SERPs)."
834,2026-05-07,79,sustainable-futurism-red-carpet-fabrics,https://nailosmetic.com/sustainable-futurism-red-carpet-fabrics/,Sustainable Futurism: Eco-Conscious Fabrics Redefining 2027’s Red Carpet Trends,Sustainable Futurism: Eco-Conscious Fabrics Redefining 2027’s Red Carpet Trends,"TOO_LONG: Title is 79 chars (>60 chars, may truncate in Google SERPs)."
712,2026-05-01,80,ai-powered-scalp-health-future,https://nailosmetic.com/ai-powered-scalp-health-future/,AI-Powered Scalp Health: Future-Proofing Your Hair from the Roots Up (2026-2027),Ai-powered Scalp Health: Future-Proofing Your Hair From the Roots Up (2026-2027),"TOO_LONG: Title is 80 chars (>60 chars, may truncate in Google SERPs)."
895,2026-05-10,104,naked-hair-coloring-2026-guide,https://nailosmetic.com/naked-hair-coloring-2026-guide/,The 2026 Guide to ‘Naked’ Hair Coloring: Enhancing Natural Hues with Plant-Based Pigments & Micro-Toning,The 2026 Guide to ‘Naked’ Hair Coloring: Enhancing Natural Hues with Plant-Based Pigments & Micro-toning,"TOO_LONG: Title is 104 chars (>60 chars, may truncate in Google SERPs)."
558,2026-04-24,79,eco-chic-sustainable-hair-dye,https://nailosmetic.com/eco-chic-sustainable-hair-dye/,The Future of Eco-Chic Color: Sustainable Hair Dye Trends & Treatments for 2026,The Future of Eco-Chic Color: Sustainable Hair Dye Trends & Treatments for 2026,"TOO_LONG: Title is 79 chars (>60 chars, may truncate in Google SERPs)."
1364,2026-05-31,70,bio-synthetic-hybrid-hair-extensions-guide-2,https://nailosmetic.com/bio-synthetic-hybrid-hair-extensions-guide-2/,The Rise of Bio-Synthetic Hybrid Hair Extensions: A 2027 Styling Guide,The Rise of Bio-Synthetic Hybrid Hair Extensions: a 2027 Styling Guide,"TOO_LONG: Title is 70 chars (>60 chars, may truncate in Google SERPs)."
2030,2026-07-07,77,bio-synthetic-hybrid-hair-extensions,https://nailosmetic.com/bio-synthetic-hybrid-hair-extensions/,The Rise of Bio-Synthetic Hybrid Extensions: A 2027 Guide to Texture Matching,The Rise of Bio-Synthetic Hybrid Extensions: a 2027 Guide to Texture Matching,"TOO_LONG: Title is 77 chars (>60 chars, may truncate in Google SERPs)."
1175,2026-05-19,86,sustainable-tech-core-minimalist-capsule,https://nailosmetic.com/sustainable-tech-core-minimalist-capsule/,Sustainable Tech-Core: Integrating Bio-Synthetic Fabrics into 2027 Minimalist Capsules,Sustainable Tech-Core: Integrating Bio-Synthetic Fabrics Into 2027 Minimalist Capsules,"TOO_LONG: Title is 86 chars (>60 chars, may truncate in Google SERPs)."
1233,2026-05-22,81,bio-adaptive-uv-reactive-manicures,https://nailosmetic.com/bio-adaptive-uv-reactive-manicures/,Bio-Adaptive Manicures: The Rise of Nail Tech That Changes Color with UV Exposure,Bio-adaptive Manicures: the Rise of Nail Tech That Changes Color with UV Exposure,"TOO_LONG: Title is 81 chars (>60 chars, may truncate in Google SERPs)."
2302,2026-07-22,75,bio-adaptive-color-changing-nails-guide,https://nailosmetic.com/bio-adaptive-color-changing-nails-guide/,Bio-Adaptive Color-Changing Nails: The 2027 Guide to Mood-Responsive Polish,Bio-adaptive Color-Changing Nails: the 2027 Guide to Mood-Responsive Polish,"TOO_LONG: Title is 75 chars (>60 chars, may truncate in Google SERPs)."
1476,2026-06-07,90,sustainable-tech-fabric-athleisure-guide,https://nailosmetic.com/sustainable-tech-fabric-athleisure-guide/,Sustainable Tech-Fabric Athleisure: The 2027 Guide to Lab-Grown Silk and Recycled Polymers,Sustainable Tech-Fabric Athleisure: the 2027 Guide to Lab-Grown Silk and Recycled Polymers,"TOO_LONG: Title is 90 chars (>60 chars, may truncate in Google SERPs)."
408,2026-04-20,67,sustainable-biodegradable-nail-art-trends,https://nailosmetic.com/sustainable-biodegradable-nail-art-trends/,Beyond Chrome: Sustainable & Biodegradable Nail Art Trends for 2025,Beyond Chrome: Sustainable & Biodegradable Nail Art Trends for 2026,"OUTDATED_YEAR: Mentions '2025' but post was published in '2026'. | TOO_LONG: Title is 67 chars (>60 chars, may truncate in Google SERPs)."
1651,2026-06-16,70,bio-adaptive-ph-responsive-gel-manicure,https://nailosmetic.com/bio-adaptive-ph-responsive-gel-manicure/,Bio-Adaptive Manicures: The Rise of pH-Responsive Gel Polishes in 2027,Bio-adaptive Manicures: the Rise of Ph-Responsive Gel Polishes in 2027,"TOO_LONG: Title is 70 chars (>60 chars, may truncate in Google SERPs)."
1702,2026-06-19,67,bio-synthetic-hybrid-hair-extensions-guide-3,https://nailosmetic.com/bio-synthetic-hybrid-hair-extensions-guide-3/,The Rise of Bio-Synthetic Hybrid Hair Extensions: A 2026-2027 Guide,The Rise of Bio-Synthetic Hybrid Hair Extensions: a 2026-2027 Guide,"TOO_LONG: Title is 67 chars (>60 chars, may truncate in Google SERPs)."
1076,2026-05-15,80,flower-bed-ideas-front-house,https://nailosmetic.com/flower-bed-ideas-front-house/,7 Viral Flower Bed Ideas in Front of House That Will Boost Curb Appeal Instantly,7 Viral Flower Bed Ideas in Front of House That Will Boost Curb Appeal Instantly,"TOO_LONG: Title is 80 chars (>60 chars, may truncate in Google SERPs)."
907,2026-05-10,67,bio-adaptive-gel-manicure-guide,https://nailosmetic.com/bio-adaptive-gel-manicure-guide/,Bio-Adaptive Gel Manicures: The 2027 Guide to Color-Changing Polish,Bio-adaptive Gel Manicures: the 2027 Guide to Color-Changing Polish,"TOO_LONG: Title is 67 chars (>60 chars, may truncate in Google SERPs)."
1031,2026-05-13,71,best-cucumber-trellis-ideas,https://nailosmetic.com/best-cucumber-trellis-ideas/,7 Genius Cucumber Trellis Hacks That Will Elevate Your Garden Aesthetic,7 Genius Cucumber Trellis Hacks That Will Elevate Your Garden Aesthetic,"TOO_LONG: Title is 71 chars (>60 chars, may truncate in Google SERPs)."
1045,2026-05-14,68,color-drenching-bedroom-tips,https://nailosmetic.com/color-drenching-bedroom-tips/,7 Viral Reasons Why the Color Drenching Bedroom Trend Is Taking Over,7 Viral Reasons Why the Color Drenching Bedroom Trend Is Taking Over,"TOO_LONG: Title is 68 chars (>60 chars, may truncate in Google SERPs)."
1062,2026-05-14,74,bedscaping-ideas-home-decor,https://nailosmetic.com/bedscaping-ideas-home-decor/,7 Viral Bedscaping Ideas to Transform Your Bedroom into a Luxury Sanctuary,7 Viral Bedscaping Ideas to Transform Your Bedroom Into a Luxury Sanctuary,"TOO_LONG: Title is 74 chars (>60 chars, may truncate in Google SERPs)."
1382,2026-06-01,77,princess-daisy-costume-ideas,https://nailosmetic.com/princess-daisy-costume-ideas/,7 Viral Princess Daisy Costume Ideas That Will Make You the Life of the Party,7 Viral Princess Daisy Costume Ideas That Will Make You the Life of the Party,"TOO_LONG: Title is 77 chars (>60 chars, may truncate in Google SERPs)."
1184,2026-05-19,62,mothers-day-nails,https://nailosmetic.com/mothers-day-nails/,7 Dreamy Mothers Day Nails Designs To Wow Everyone This Spring,7 Dreamy Mothers Day Nails Designs to Wow Everyone This Spring,"TOO_LONG: Title is 62 chars (>60 chars, may truncate in Google SERPs)."
1160,2026-05-18,62,cozy-living-room-ideas,https://nailosmetic.com/cozy-living-room-ideas/,7 Cozy Living Room Ideas That Will Instantly Upgrade Your Home,7 Cozy Living Room Ideas That Will Instantly Upgrade Your Home,"TOO_LONG: Title is 62 chars (>60 chars, may truncate in Google SERPs)."
1314,2026-05-28,72,bio-synthetic-hybrid-hair-extensions-guide,https://nailosmetic.com/bio-synthetic-hybrid-hair-extensions-guide/,Bio-Synthetic Hair Integration: The 2027 Guide to Hybrid Hair Extensions,Bio-synthetic Hair Integration: the 2027 Guide to Hybrid Hair Extensions,"TOO_LONG: Title is 72 chars (>60 chars, may truncate in Google SERPs)."
1389,2026-06-01,71,bio-synthetic-fusion-extensions-guide,https://nailosmetic.com/bio-synthetic-fusion-extensions-guide/,Bio-Synthetic Fusion Extensions: The 2027 Guide to Hybrid Hair Textures,Bio-synthetic Fusion Extensions: the 2027 Guide to Hybrid Hair Textures,"TOO_LONG: Title is 71 chars (>60 chars, may truncate in Google SERPs)."
1067,2026-05-15,79,chrome-nails-complete-guide,https://nailosmetic.com/chrome-nails-complete-guide/,"Chrome Nails: The Complete Guide to Every Chrome, Glazed & Mirror Finish (2026)","Chrome Nails: the Complete Guide to Every Chrome, Glazed & Mirror Finish (2026)","TOO_LONG: Title is 79 chars (>60 chars, may truncate in Google SERPs)."
1537,2026-06-10,73,bio-adaptive-hair-color-ph-responsive,https://nailosmetic.com/bio-adaptive-hair-color-ph-responsive/,Bio-Adaptive Hair Color: The 2027 Guide to pH-Responsive Salon Treatments,Bio-adaptive Hair Color: the 2027 Guide to Ph-Responsive Salon Treatments,"TOO_LONG: Title is 73 chars (>60 chars, may truncate in Google SERPs)."
1600,2026-06-13,71,sustainable-tech-core-vegan-leather-styling,https://nailosmetic.com/sustainable-tech-core-vegan-leather-styling/,Sustainable Tech-Core: How to Style Biodegradable Vegan Leather in 2027,Sustainable Tech-Core: How to Style Biodegradable Vegan Leather in 2027,"TOO_LONG: Title is 71 chars (>60 chars, may truncate in Google SERPs)."
1636,2026-06-15,71,best-throw-pillow-combinations,https://nailosmetic.com/best-throw-pillow-combinations/,7 Viral Throw Pillow Combinations to Instantly Elevate Your Living Room,7 Viral Throw Pillow Combinations to Instantly Elevate Your Living Room,"TOO_LONG: Title is 71 chars (>60 chars, may truncate in Google SERPs)."
1645,2026-06-16,61,best-blue-nail-designs,https://nailosmetic.com/best-blue-nail-designs/,7 Blue Nail Designs That Are Defining This Season’s Aesthetic,7 Blue Nail Designs That Are Defining This Season’s Aesthetic,"TOO_LONG: Title is 61 chars (>60 chars, may truncate in Google SERPs)."
1227,2026-05-22,68,farmhouse-kitchen-decor-trends,https://nailosmetic.com/farmhouse-kitchen-decor-trends/,7 Viral Farmhouse Kitchen Decor Trends That Will Transform Your Home,7 Viral Farmhouse Kitchen Decor Trends That Will Transform Your Home,"TOO_LONG: Title is 68 chars (>60 chars, may truncate in Google SERPs)."
2164,2026-07-13,66,nail-ideas-back-to-school,https://nailosmetic.com/nail-ideas-back-to-school/,10 Chic Nail Ideas Back to School: Elevate Your Academic Aesthetic,10 Chic Nail Ideas Back to School: Elevate Your Academic Aesthetic,"TOO_LONG: Title is 66 chars (>60 chars, may truncate in Google SERPs)."
2173,2026-07-14,64,firework-makeup-trends,https://nailosmetic.com/firework-makeup-trends/,Firework Makeup Trends: 7 Explosive Looks to Light Up Your Night,Firework Makeup Trends: 7 Explosive Looks to Light Up Your Night,"TOO_LONG: Title is 64 chars (>60 chars, may truncate in Google SERPs)."
2182,2026-07-14,63,shark-week-nails-designs,https://nailosmetic.com/shark-week-nails-designs/,Shark Week Nails: 7 Fierce Designs to Make a Splash This Season,Shark Week Nails: 7 Fierce Designs to Make a Splash This Season,"TOO_LONG: Title is 63 chars (>60 chars, may truncate in Google SERPs)."
2191,2026-07-15,64,senior-picture-nails-trends,https://nailosmetic.com/senior-picture-nails-trends/,10 Flawless Senior Picture Nails to Elevate Your Graduation Look,10 Flawless Senior Picture Nails to Elevate Your Graduation Look,"TOO_LONG: Title is 64 chars (>60 chars, may truncate in Google SERPs)."
2217,2026-07-16,61,nails-back-to-school,https://nailosmetic.com/nails-back-to-school/,Back to School Nails: 7 Chic Manicures for a Stylish Semester,Back to School Nails: 7 Chic Manicures for a Stylish Semester,"TOO_LONG: Title is 61 chars (>60 chars, may truncate in Google SERPs)."
1745,2026-06-22,86,bio-adaptive-lighting-urban-gardens,https://nailosmetic.com/bio-adaptive-lighting-urban-gardens/,Bio-Adaptive Lighting Trends: Integrating Circadian-Sync Tech into Small Urban Gardens,Bio-adaptive Lighting Trends: Integrating Circadian-Sync Tech Into Small Urban Gardens,"TOO_LONG: Title is 86 chars (>60 chars, may truncate in Google SERPs)."
2279,2026-07-20,63,back-to-school-hair-trends,https://nailosmetic.com/back-to-school-hair-trends/,7 Effortless Back to School Hair Trends for a Perfect First Day,7 Effortless Back to School Hair Trends for a Perfect First Day,"TOO_LONG: Title is 63 chars (>60 chars, may truncate in Google SERPs)."
1407,2026-06-02,65,bedroom-lighting-ideas,https://nailosmetic.com/bedroom-lighting-ideas/,7 Viral Bedroom Lighting Ideas to Completely Transform Your Space,7 Viral Bedroom Lighting Ideas to Completely Transform Your Space,"TOO_LONG: Title is 65 chars (>60 chars, may truncate in Google SERPs)."
2288,2026-07-20,77,back-to-school-nails-short,https://nailosmetic.com/back-to-school-nails-short/,10 Sophisticated Back to School Nails Short Designs That Redefine Campus Chic,10 Sophisticated Back to School Nails Short Designs That Redefine Campus Chic,"TOO_LONG: Title is 77 chars (>60 chars, may truncate in Google SERPs)."
2297,2026-07-22,71,nails-school-guide,https://nailosmetic.com/nails-school-guide/,Mastering the Art of Nails School: The Ultimate Guide for Aspiring Pros,Mastering the Art of Nails School: the Ultimate Guide for Aspiring Pros,"TOO_LONG: Title is 71 chars (>60 chars, may truncate in Google SERPs)."
1808,2026-06-25,78,ai-generated-prints-tech-couture-2027,https://nailosmetic.com/ai-generated-prints-tech-couture-2027/,Sustainable Tech-Couture: How AI-Generated Prints Are Defining 2027 Streetwear,Sustainable Tech-Couture: How Ai-Generated Prints Are Defining 2027 Streetwear,"TOO_LONG: Title is 78 chars (>60 chars, may truncate in Google SERPs)."
2311,2026-07-22,75,halloween-nail-ideas,https://nailosmetic.com/halloween-nail-ideas/,15 Eerie & Elegant Halloween Nail Ideas to Elevate Your Spooky Season Style,15 Eerie & Elegant Halloween Nail Ideas to Elevate Your Spooky Season Style,"TOO_LONG: Title is 75 chars (>60 chars, may truncate in Google SERPs)."
2330,2026-07-24,62,basic-back-to-school-nails,https://nailosmetic.com/basic-back-to-school-nails/,7 Effortless Basic Back to School Nails for a Stylish Semester,7 Effortless Basic Back to School Nails for a Stylish Semester,"TOO_LONG: Title is 62 chars (>60 chars, may truncate in Google SERPs)."
1873,2026-06-28,70,bio-adaptive-ph-responsive-gel-manicures,https://nailosmetic.com/bio-adaptive-ph-responsive-gel-manicures/,Bio-Adaptive Manicures: The Rise of pH-Responsive Gel Polishes in 2027,Bio-adaptive Manicures: the Rise of Ph-Responsive Gel Polishes in 2027,"TOO_LONG: Title is 70 chars (>60 chars, may truncate in Google SERPs)."
1918,2026-07-01,68,bio-adaptive-hair-color-ph-responsive-tints,https://nailosmetic.com/bio-adaptive-hair-color-ph-responsive-tints/,Bio-Adaptive Hair Color: The 2027 Guide to pH-Responsive Salon Tints,Bio-adaptive Hair Color: the 2027 Guide to Ph-Responsive Salon Tints,"TOO_LONG: Title is 68 chars (>60 chars, may truncate in Google SERPs)."
2384,2026-07-27,67,black-hair-halloween-costumes,https://nailosmetic.com/black-hair-halloween-costumes/,7 Show-Stopping Black Hair Halloween Costumes: Expert Styling Guide,7 Show-Stopping Black Hair Halloween Costumes: Expert Styling Guide,"TOO_LONG: Title is 67 chars (>60 chars, may truncate in Google SERPs)."
2393,2026-07-28,63,senior-hairstyles-chic-trends,https://nailosmetic.com/senior-hairstyles-chic-trends/,10 Timeless and Chic Senior Hairstyles for a Sophisticated Look,10 Timeless and Chic Senior Hairstyles for a Sophisticated Look,"TOO_LONG: Title is 63 chars (>60 chars, may truncate in Google SERPs)."
2402,2026-07-29,62,best-fall-makeup-trends,https://nailosmetic.com/best-fall-makeup-trends/,7 Stunning Fall Makeup Trends to Elevate Your Autumn Aesthetic,7 Stunning Fall Makeup Trends to Elevate Your Autumn Aesthetic,"TOO_LONG: Title is 62 chars (>60 chars, may truncate in Google SERPs)."
1290,2026-05-25,76,face-framing-highlights-trends,https://nailosmetic.com/face-framing-highlights-trends/,7 Viral Face Framing Highlights That Will Instantly Brighten Your Complexion,7 Viral Face Framing Highlights That Will Instantly Brighten Your Complexion,"TOO_LONG: Title is 76 chars (>60 chars, may truncate in Google SERPs)."
2411,2026-07-29,65,middle-school-nails-trends,https://nailosmetic.com/middle-school-nails-trends/,Middle School Nails: 7 Trendy Designs That Are Classroom-Approved,Middle School Nails: 7 Trendy Designs That Are Classroom-approved,"TOO_LONG: Title is 65 chars (>60 chars, may truncate in Google SERPs)."
1971,2026-07-04,87,biophilic-modular-garden-pods-wellness-retreat,https://nailosmetic.com/biophilic-modular-garden-pods-wellness-retreat/,Biophilic Modular Garden Pods: Transforming Small Backyards into 2027 Wellness Retreats,Biophilic Modular Garden Pods: Transforming Small Backyards Into 2027 Wellness Retreats,"TOO_LONG: Title is 87 chars (>60 chars, may truncate in Google SERPs)."
2429,2026-07-30,64,peridot-nails-trends,https://nailosmetic.com/peridot-nails-trends/,Peridot Nails: The Vibrant Green Trend Defining Luxury Manicures,Peridot Nails: the Vibrant Green Trend Defining Luxury Manicures,"TOO_LONG: Title is 64 chars (>60 chars, may truncate in Google SERPs)."
2447,2026-07-31,70,best-pedicure-ideas,https://nailosmetic.com/best-pedicure-ideas/,10 Exquisite Pedicure Ideas to Elevate Your Foot Aesthetic This Season,10 Exquisite Pedicure Ideas to Elevate Your Foot Aesthetic This Season,"TOO_LONG: Title is 70 chars (>60 chars, may truncate in Google SERPs)."
1434,2026-06-03,75,quilted-coverlet-styling-hacks,https://nailosmetic.com/quilted-coverlet-styling-hacks/,7 Viral Hacks for Quilted Coverlet Styling That Will Transform Your Bedroom,7 Viral Hacks for Quilted Coverlet Styling That Will Transform Your Bedroom,"TOO_LONG: Title is 75 chars (>60 chars, may truncate in Google SERPs)."
2492,2026-08-03,68,bts-hairstyles-trends,https://nailosmetic.com/bts-hairstyles-trends/,7 Iconic BTS Hairstyles That Are Defining Modern K-Pop Beauty Trends,7 Iconic Bts Hairstyles That Are Defining Modern K-Pop Beauty Trends,"TOO_LONG: Title is 68 chars (>60 chars, may truncate in Google SERPs)."
2501,2026-08-03,72,summer-nails-2026,https://nailosmetic.com/summer-nails-2026/,Summer Nails 2026: The Ultimate Guide to This Season’s Hottest Manicures,Summer Nails 2026: the Ultimate Guide to This Season’s Hottest Manicures,"TOO_LONG: Title is 72 chars (>60 chars, may truncate in Google SERPs)."
2510,2026-08-04,77,back-to-school-nails-square,https://nailosmetic.com/back-to-school-nails-square/,"Back to School Nails Square: The Ultimate Guide to Sharp, Sophisticated Style","Back to School Nails Square: the Ultimate Guide to Sharp, Sophisticated Style","TOO_LONG: Title is 77 chars (>60 chars, may truncate in Google SERPs)."
2528,2026-08-05,64,nail-ideas-fall,https://nailosmetic.com/nail-ideas-fall/,15 Chic Nail Ideas Fall 2026: The Ultimate Seasonal Trend Report,15 Chic Nail Ideas Fall 2026: the Ultimate Seasonal Trend Report,"TOO_LONG: Title is 64 chars (>60 chars, may truncate in Google SERPs)."
2092,2026-07-10,69,biophilic-modular-garden-walls-diy-urban-balcony,https://nailosmetic.com/biophilic-modular-garden-walls-diy-urban-balcony/,Biophilic Modular Garden Walls: DIY Systems for Small Urban Balconies,Biophilic Modular Garden Walls: DIY Systems for Small Urban Balconies,"TOO_LONG: Title is 69 chars (>60 chars, may truncate in Google SERPs)."
1085,2026-05-15,71,spring-stiletto-nails-trends,https://nailosmetic.com/spring-stiletto-nails-trends/,7 Spring Stiletto Nails Trends That Are Taking Over Pinterest Right Now,7 Spring Stiletto Nails Trends That Are Taking Over Pinterest Right Now,"TOO_LONG: Title is 71 chars (>60 chars, may truncate in Google SERPs)."
1452,2026-06-06,61,cubs-game-outfit-women,https://nailosmetic.com/cubs-game-outfit-women/,7 Chic Ways to Master the Ultimate Cubs Game Outfit for Women,7 Chic Ways to Master the Ultimate Cubs Game Outfit for Women,"TOO_LONG: Title is 61 chars (>60 chars, may truncate in Google SERPs)."
1627,2026-06-14,62,cold-weather-spring-outfits,https://nailosmetic.com/cold-weather-spring-outfits/,7 Viral Cold Weather Spring Outfits You Need to Copy Right Now,7 Viral Cold Weather Spring Outfits You Need to Copy Right Now,"TOO_LONG: Title is 62 chars (>60 chars, may truncate in Google SERPs)."
2155,2026-07-13,69,biophilic-modular-balconies-urban-transformation,https://nailosmetic.com/biophilic-modular-balconies-urban-transformation/,Biophilic Modular Balconies: Transforming Small Urban Spaces for 2027,Biophilic Modular Balconies: Transforming Small Urban Spaces for 2027,"TOO_LONG: Title is 69 chars (>60 chars, may truncate in Google SERPs)."
2573,2026-08-08,78,short-hair-styles-older-women,https://nailosmetic.com/short-hair-styles-older-women/,"10 Chic Short Hair Styles for Older Women: Youthful, Modern & Easy to Maintain","10 Chic Short Hair Styles for Older Women: Youthful, Modern & Easy to Maintain","TOO_LONG: Title is 78 chars (>60 chars, may truncate in Google SERPs)."
2591,2026-08-09,63,clean-girl-makeup-office,https://nailosmetic.com/clean-girl-makeup-office/,The Ultimate Clean Girl Makeup Look for Everyday Office Success,The Ultimate Clean Girl Makeup Look for Everyday Office Success,"TOO_LONG: Title is 63 chars (>60 chars, may truncate in Google SERPs)."
1125,2026-05-17,65,back-to-school-nail-art-2,https://nailosmetic.com/back-to-school-nail-art-2/,9 Viral Back to School Nail Art Trends to Ace Your Semester Style,9 Viral Back to School Nail Art Trends to Ace Your Semester Style,"TOO_LONG: Title is 65 chars (>60 chars, may truncate in Google SERPs)."
1209,2026-05-20,72,waterfall-braid-tutorial,https://nailosmetic.com/waterfall-braid-tutorial/,7 Viral Hacks for a Perfect Waterfall Braid Tutorial That Actually Stays,7 Viral Hacks for a Perfect Waterfall Braid Tutorial That Actually Stays,"TOO_LONG: Title is 72 chars (>60 chars, may truncate in Google SERPs)."
2618,2026-08-11,67,simple-august-nails,https://nailosmetic.com/simple-august-nails/,15 Chic & Simple August Nails to Elevate Your Late Summer Aesthetic,15 Chic & Simple August Nails to Elevate Your Late Summer Aesthetic,"TOO_LONG: Title is 67 chars (>60 chars, may truncate in Google SERPs)."
2039,2026-07-07,68,4th-of-july-simple-nails,https://nailosmetic.com/4th-of-july-simple-nails/,7 Viral 4th of July Simple Nails Designs You Need to Try This Summer,7 Viral 4th of July Simple Nails Designs You Need to Try This Summer,"TOO_LONG: Title is 68 chars (>60 chars, may truncate in Google SERPs)."
2208,2026-07-16,75,sustainable-tech-core-bio-synthetic-fabrics-streetwear,https://nailosmetic.com/sustainable-tech-core-bio-synthetic-fabrics-streetwear/,Sustainable Tech-Core: The Rise of Bio-Synthetic Fabrics in 2027 Streetwear,Sustainable Tech-Core: the Rise of Bio-Synthetic Fabrics in 2027 Streetwear,"TOO_LONG: Title is 75 chars (>60 chars, may truncate in Google SERPs)."
2645,2026-08-13,69,fall-nails-square,https://nailosmetic.com/fall-nails-square/,10 Chicest Fall Nails Square Designs to Elevate Your Autumn Aesthetic,10 Chicest Fall Nails Square Designs to Elevate Your Autumn Aesthetic,"TOO_LONG: Title is 69 chars (>60 chars, may truncate in Google SERPs)."
1242,2026-05-22,64,watercolor-nail-art-designs,https://nailosmetic.com/watercolor-nail-art-designs/,7 Dreamy Watercolor Nail Art Designs You Need to Try This Season,7 Dreamy Watercolor Nail Art Designs You Need to Try This Season,"TOO_LONG: Title is 64 chars (>60 chars, may truncate in Google SERPs)."
1251,2026-05-23,61,messy-bun-hairstyle,https://nailosmetic.com/messy-bun-hairstyle/,7 Effortless Messy Bun Hairstyle Hacks for an Instant Glow-Up,7 Effortless Messy Bun Hairstyle Hacks for an Instant Glow-up,"TOO_LONG: Title is 61 chars (>60 chars, may truncate in Google SERPs)."
2261,2026-07-19,86,biophilic-modular-garden-walls-urban-balcony,https://nailosmetic.com/biophilic-modular-garden-walls-urban-balcony/,Biophilic Modular Garden Walls: The DIY Guide for Small Urban Balconies (2026 Edition),Biophilic Modular Garden Walls: the DIY Guide for Small Urban Balconies (2026 Edition),"TOO_LONG: Title is 86 chars (>60 chars, may truncate in Google SERPs)."
2672,2026-08-14,71,summer-to-fall-transition-nails,https://nailosmetic.com/summer-to-fall-transition-nails/,7 Dreamy Summer to Fall Transition Nails to Elevate Your Seasonal Style,7 Dreamy Summer to Fall Transition Nails to Elevate Your Seasonal Style,"TOO_LONG: Title is 71 chars (>60 chars, may truncate in Google SERPs)."
2690,2026-08-16,62,fall-short-nails-trends,https://nailosmetic.com/fall-short-nails-trends/,10 Chic Fall Short Nails: The Ultimate Seasonal Manicure Guide,10 Chic Fall Short Nails: the Ultimate Seasonal Manicure Guide,"TOO_LONG: Title is 62 chars (>60 chars, may truncate in Google SERPs)."
1307,2026-05-28,63,patriotic-flower-arrangements,https://nailosmetic.com/patriotic-flower-arrangements/,7 Stunning Patriotic Flower Arrangements to Transform Your Home,7 Stunning Patriotic Flower Arrangements to Transform Your Home,"TOO_LONG: Title is 63 chars (>60 chars, may truncate in Google SERPs)."
1678,2026-06-17,64,yoshi-costume-style-guide,https://nailosmetic.com/yoshi-costume-style-guide/,7 Viral Yoshi Costume Outfit Ideas for High-Fashion Street Style,7 Viral Yoshi Costume Outfit Ideas for High-Fashion Street Style,"TOO_LONG: Title is 64 chars (>60 chars, may truncate in Google SERPs)."
2726,2026-08-18,62,august-september-nails-transition,https://nailosmetic.com/august-september-nails-transition/,August September Nails: The Ultimate Transition Manicure Guide,August September Nails: the Ultimate Transition Manicure Guide,"TOO_LONG: Title is 62 chars (>60 chars, may truncate in Google SERPs)."
1332,2026-05-29,62,cold-baseball-game-outfit,https://nailosmetic.com/cold-baseball-game-outfit/,7 Genius Style Hacks for the Perfect Cold Baseball Game Outfit,7 Genius Style Hacks for the Perfect Cold Baseball Game Outfit,"TOO_LONG: Title is 62 chars (>60 chars, may truncate in Google SERPs)."
1341,2026-05-29,65,viral-chrome-nail-designs,https://nailosmetic.com/viral-chrome-nail-designs/,7 Viral Chrome Nail Designs to Elevate Your Aesthetic This Season,7 Viral Chrome Nail Designs to Elevate Your Aesthetic This Season,"TOO_LONG: Title is 65 chars (>60 chars, may truncate in Google SERPs)."
1350,2026-05-30,68,french-tip-nail-designs,https://nailosmetic.com/french-tip-nail-designs/,10 French Tip Nail Designs That Will Define Your Aesthetic This Year,10 French Tip Nail Designs That Will Define Your Aesthetic This Year,"TOO_LONG: Title is 68 chars (>60 chars, may truncate in Google SERPs)."
1398,2026-06-01,64,newlywed-bedroom-styling,https://nailosmetic.com/newlywed-bedroom-styling/,7 Dreamy Newlywed Bedroom Styling Hacks for a Romantic Sanctuary,7 Dreamy Newlywed Bedroom Styling Hacks for a Romantic Sanctuary,"TOO_LONG: Title is 64 chars (>60 chars, may truncate in Google SERPs)."
2753,2026-08-19,62,burgundy-hair-pale-skin,https://nailosmetic.com/burgundy-hair-pale-skin/,Burgundy Hair for Pale Skin: 7 Stunning Looks for Every Season,Burgundy Hair for Pale Skin: 7 Stunning Looks for Every Season,"TOO_LONG: Title is 62 chars (>60 chars, may truncate in Google SERPs)."
2348,2026-07-25,70,sustainable-tech-couture-3d-printed-accessories,https://nailosmetic.com/sustainable-tech-couture-3d-printed-accessories/,Sustainable Tech-Couture: How to Style 3D-Printed Accessories for 2027,Sustainable Tech-Couture: How to Style 3d-Printed Accessories for 2027,"TOO_LONG: Title is 70 chars (>60 chars, may truncate in Google SERPs)."
2762,2026-08-20,67,half-up-half-down-curly-hair,https://nailosmetic.com/half-up-half-down-curly-hair/,Half Up Half Down Hairstyle for Curly Hair: 7 Chic Looks to Try Now,Half Up Half Down Hairstyle for Curly Hair: 7 Chic Looks to Try Now,"TOO_LONG: Title is 67 chars (>60 chars, may truncate in Google SERPs)."
1373,2026-05-31,70,summer-front-porch-decor,https://nailosmetic.com/summer-front-porch-decor/,9 Summer Front Porch Decor Ideas That Will Make Your Neighbors Jealous,9 Summer Front Porch Decor Ideas That Will Make Your Neighbors Jealous,"TOO_LONG: Title is 70 chars (>60 chars, may truncate in Google SERPs)."
2780,2026-08-21,66,august-nails-simple,https://nailosmetic.com/august-nails-simple/,August Nails Simple: 7 Effortless Designs for Late Summer Elegance,August Nails Simple: 7 Effortless Designs for Late Summer Elegance,"TOO_LONG: Title is 66 chars (>60 chars, may truncate in Google SERPs)."
2798,2026-08-22,67,stiller-nails-ideas-aesthetic,https://nailosmetic.com/stiller-nails-ideas-aesthetic/,7 Stiller Nails Ideas for an Effortlessly Chic Minimalist Aesthetic,7 Stiller Nails Ideas for an Effortlessly Chic Minimalist Aesthetic,"TOO_LONG: Title is 67 chars (>60 chars, may truncate in Google SERPs)."
1416,2026-06-02,68,mushroom-brown-hair-trends,https://nailosmetic.com/mushroom-brown-hair-trends/,7 Viral Reasons Why Mushroom Brown Hair Is The Ultimate Fall Upgrade,7 Viral Reasons Why Mushroom Brown Hair Is the Ultimate Fall Upgrade,"TOO_LONG: Title is 68 chars (>60 chars, may truncate in Google SERPs)."
1470,2026-06-07,62,platinum-blonde-hair-ideas,https://nailosmetic.com/platinum-blonde-hair-ideas/,7 Platinum Blonde Hair Ideas That Will Change Your Entire Look,7 Platinum Blonde Hair Ideas That Will Change Your Entire Look,"TOO_LONG: Title is 62 chars (>60 chars, may truncate in Google SERPs)."
1866,2026-06-28,80,4th-of-july-toenail-designs,https://nailosmetic.com/4th-of-july-toenail-designs/,7 Patriotic Perfection: The Most Viral 4th of July Toenail Designs of the Season,7 Patriotic Perfection: the Most Viral 4th of July Toenail Designs of the Season,"TOO_LONG: Title is 80 chars (>60 chars, may truncate in Google SERPs)."
1036,2026-05-14,79,nail-art-designs-ultimate-guide,https://nailosmetic.com/nail-art-designs-ultimate-guide/,"The Ultimate Guide to Nail Art Designs: Every Style, Trend & Technique for 2026","The Ultimate Guide to Nail Art Designs: Every Style, Trend & Technique for 2026","TOO_LONG: Title is 79 chars (>60 chars, may truncate in Google SERPs)."
1090,2026-05-16,74,spring-outfits-women-guide,https://nailosmetic.com/spring-outfits-women-guide/,Spring Outfits for Women: The Complete 2026 Style Guide for Every Occasion,Spring Outfits for Women: the Complete 2026 Style Guide for Every Occasion,"TOO_LONG: Title is 74 chars (>60 chars, may truncate in Google SERPs)."
1104,2026-05-17,73,hairstyles-for-women-ultimate-guide,https://nailosmetic.com/hairstyles-for-women-ultimate-guide/,"The Ultimate Hairstyle Guide for Women: Every Cut, Color & Trend for 2026","The Ultimate Hairstyle Guide for Women: Every Cut, Color & Trend for 2026","TOO_LONG: Title is 73 chars (>60 chars, may truncate in Google SERPs)."
1139,2026-05-18,64,home-decor-ideas-ultimate-guide,https://nailosmetic.com/home-decor-ideas-ultimate-guide/,Home Decor Ideas: The Ultimate Room-by-Room Style Guide for 2026,Home Decor Ideas: the Ultimate Room-by-Room Style Guide for 2026,"TOO_LONG: Title is 64 chars (>60 chars, may truncate in Google SERPs)."
1503,2026-06-08,64,outdoor-dining-area-ideas,https://nailosmetic.com/outdoor-dining-area-ideas/,7 Viral Outdoor Dining Area Ideas to Elevate Your Backyard Oasis,7 Viral Outdoor Dining Area Ideas to Elevate Your Backyard Oasis,"TOO_LONG: Title is 64 chars (>60 chars, may truncate in Google SERPs)."
1853,2026-06-27,67,summer-camp-hairstyles,https://nailosmetic.com/summer-camp-hairstyles/,7 Effortless Summer Camp Hairstyles That Will Survive Any Adventure,7 Effortless Summer Camp Hairstyles That Will Survive Any Adventure,"TOO_LONG: Title is 67 chars (>60 chars, may truncate in Google SERPs)."
2048,2026-07-08,75,western-4th-of-july-outfit,https://nailosmetic.com/western-4th-of-july-outfit/,7 Viral Western 4th of July Outfit Ideas for a Stunning Americana Aesthetic,7 Viral Western 4th of July Outfit Ideas for a Stunning Americana Aesthetic,"TOO_LONG: Title is 75 chars (>60 chars, may truncate in Google SERPs)."
1555,2026-06-11,75,vintage-terracotta-pots-decor,https://nailosmetic.com/vintage-terracotta-pots-decor/,7 Viral Reasons Why Vintage Terracotta Pots Are Taking Over Interior Design,7 Viral Reasons Why Vintage Terracotta Pots Are Taking Over Interior Design,"TOO_LONG: Title is 75 chars (>60 chars, may truncate in Google SERPs)."
1564,2026-06-11,77,cottagecore-nail-designs,https://nailosmetic.com/cottagecore-nail-designs/,7 Dreamy Cottagecore Nail Designs That Will Define Your Aesthetic This Season,7 Dreamy Cottagecore Nail Designs That Will Define Your Aesthetic This Season,"TOO_LONG: Title is 77 chars (>60 chars, may truncate in Google SERPs)."
1573,2026-06-12,63,weighted-blanket-bedroom-ideas,https://nailosmetic.com/weighted-blanket-bedroom-ideas/,7 Viral Secrets to Styling the Perfect Weighted Blanket Bedroom,7 Viral Secrets to Styling the Perfect Weighted Blanket Bedroom,"TOO_LONG: Title is 63 chars (>60 chars, may truncate in Google SERPs)."
2128,2026-07-12,63,august-nails-trends,https://nailosmetic.com/august-nails-trends/,7 August Nails Trends That Are Dominating Your Feed This Summer,7 August Nails Trends That Are Dominating Your Feed This Summer,"TOO_LONG: Title is 63 chars (>60 chars, may truncate in Google SERPs)."
1582,2026-06-12,64,aura-nail-art-ideas,https://nailosmetic.com/aura-nail-art-ideas/,7 Viral Aura Nail Art Ideas That Will Elevate Your Manicure Game,7 Viral Aura Nail Art Ideas That Will Elevate Your Manicure Game,"TOO_LONG: Title is 64 chars (>60 chars, may truncate in Google SERPs)."
1902,2026-06-30,61,july-nails-ideas,https://nailosmetic.com/july-nails-ideas/,7 July Nails Ideas That Are Taking Over Your Feed This Summer,7 July Nails Ideas That Are Taking Over Your Feed This Summer,"TOO_LONG: Title is 61 chars (>60 chars, may truncate in Google SERPs)."
1817,2026-06-25,63,fourth-of-july-hairstyles,https://nailosmetic.com/fourth-of-july-hairstyles/,7 Fourth of July Hairstyles That Will Dominate Your Summer Feed,7 Fourth of July Hairstyles That Will Dominate Your Summer Feed,"TOO_LONG: Title is 63 chars (>60 chars, may truncate in Google SERPs)."
1660,2026-06-16,65,festival-nail-designs,https://nailosmetic.com/festival-nail-designs/,7 Festival Nail Designs That Will Steal the Spotlight This Season,7 Festival Nail Designs That Will Steal the Spotlight This Season,"TOO_LONG: Title is 65 chars (>60 chars, may truncate in Google SERPs)."
1696,2026-06-19,68,2000s-teen-bedroom-ideas,https://nailosmetic.com/2000s-teen-bedroom-ideas/,7 Viral 2000s Teen Bedroom Trends That Are Making a Massive Comeback,7 Viral 2000s Teen Bedroom Trends That Are Making a Massive Comeback,"TOO_LONG: Title is 68 chars (>60 chars, may truncate in Google SERPs)."
1729,2026-06-21,64,coastal-bedroom-decor-ideas,https://nailosmetic.com/coastal-bedroom-decor-ideas/,7 Dreamy Ways to Transform Your Bedroom into a Coastal Sanctuary,7 Dreamy Ways to Transform Your Bedroom Into a Coastal Sanctuary,"TOO_LONG: Title is 64 chars (>60 chars, may truncate in Google SERPs)."
1738,2026-06-22,75,dorm-checklist-hacks,https://nailosmetic.com/dorm-checklist-hacks/,7 Viral Dorm Checklist Hacks to Transform Your Small Space Into a Sanctuary,7 Viral Dorm Checklist Hacks to Transform Your Small Space Into a Sanctuary,"TOO_LONG: Title is 75 chars (>60 chars, may truncate in Google SERPs)."
1799,2026-06-25,65,short-4th-of-july-nails,https://nailosmetic.com/short-4th-of-july-nails/,7 Chic Short 4th of July Nails Ideas to Elevate Your Holiday Look,7 Chic Short 4th of July Nails Ideas to Elevate Your Holiday Look,"TOO_LONG: Title is 65 chars (>60 chars, may truncate in Google SERPs)."
1826,2026-06-26,65,whimsical-bedroom-design-ideas,https://nailosmetic.com/whimsical-bedroom-design-ideas/,7 Magical Design Secrets to Create the Ultimate Whimsical Bedroom,7 Magical Design Secrets to Create the Ultimate Whimsical Bedroom,"TOO_LONG: Title is 65 chars (>60 chars, may truncate in Google SERPs)."
3398,2026-09-23,27,hoco-half-up-half-down-hair,https://nailosmetic.com/hoco-half-up-half-down-hair/,Hoco Half Up Half Down Hair,Hoco Half Up Half Down Hair,"TOO_SHORT: Title is 27 chars (<30 chars, weak for SEO)."
1835,2026-06-26,66,4th-of-july-pedicure,https://nailosmetic.com/4th-of-july-pedicure/,7 Stunning 4th of July Pedicure Ideas to Elevate Your Summer Style,7 Stunning 4th of July Pedicure Ideas to Elevate Your Summer Style,"TOO_LONG: Title is 66 chars (>60 chars, may truncate in Google SERPs)."
1844,2026-06-27,63,4th-of-july-hair,https://nailosmetic.com/4th-of-july-hair/,7 Viral 4th of July Hair Ideas That Will Own the Fireworks Show,7 Viral 4th of July Hair Ideas That Will Own the Fireworks Show,"TOO_LONG: Title is 63 chars (>60 chars, may truncate in Google SERPs)."
1891,2026-06-30,65,firework-nails-designs,https://nailosmetic.com/firework-nails-designs/,7 Explosive Firework Nails Designs That Are Taking Over Your Feed,7 Explosive Firework Nails Designs That Are Taking Over Your Feed,"TOO_LONG: Title is 65 chars (>60 chars, may truncate in Google SERPs)."
1998,2026-07-05,66,bomb-pop-4th-nails,https://nailosmetic.com/bomb-pop-4th-nails/,7 Viral Bomb Pop 4th Nails: The Ultimate Retro-Cool Manicure Trend,7 Viral Bomb Pop 4th Nails: the Ultimate Retro-Cool Manicure Trend,"TOO_LONG: Title is 66 chars (>60 chars, may truncate in Google SERPs)."
2814,2026-08-23,19,nails-for-september,https://nailosmetic.com/nails-for-september/,Nails for September,Nails for September,"TOO_SHORT: Title is 19 chars (<30 chars, weak for SEO)."
1928,2026-07-01,68,4th-of-july-hairstyles-kids,https://nailosmetic.com/4th-of-july-hairstyles-kids/,7 Patriotic 4th of July Hairstyles for Kids That Will Steal the Show,7 Patriotic 4th of July Hairstyles for Kids That Will Steal the Show,"TOO_LONG: Title is 68 chars (>60 chars, may truncate in Google SERPs)."
2025,2026-07-07,66,july-nail-colors,https://nailosmetic.com/july-nail-colors/,7 Viral July Nail Colors That Are Defining This Summer’s Aesthetic,7 Viral July Nail Colors That Are Defining This Summer’s Aesthetic,"TOO_LONG: Title is 66 chars (>60 chars, may truncate in Google SERPs)."
2057,2026-07-08,62,4th-of-july-nails-blooming-gel,https://nailosmetic.com/4th-of-july-nails-blooming-gel/,7 Viral 4th of July Nails Blooming Gel Designs You Need to Try,7 Viral 4th of July Nails Blooming Gel Designs You Need to Try,"TOO_LONG: Title is 62 chars (>60 chars, may truncate in Google SERPs)."
2066,2026-07-09,65,viral-firework-nail-designs,https://nailosmetic.com/viral-firework-nail-designs/,7 Viral Firework Nail Designs That Will Ignite Your Manicure Game,7 Viral Firework Nail Designs That Will Ignite Your Manicure Game,"TOO_LONG: Title is 65 chars (>60 chars, may truncate in Google SERPs)."
2084,2026-07-10,84,patriotic-nails-designs,https://nailosmetic.com/patriotic-nails-designs/,7 Patriotic Nails Designs That Are Actually Chic: The Ultimate Luxury Manicure Guide,7 Patriotic Nails Designs That Are Actually Chic: the Ultimate Luxury Manicure Guide,"TOO_LONG: Title is 84 chars (>60 chars, may truncate in Google SERPs)."
2101,2026-07-10,62,red-white-and-blue-nails,https://nailosmetic.com/red-white-and-blue-nails/,10 Chic Ways to Wear Red White and Blue Nails for Any Occasion,10 Chic Ways to Wear Red White and Blue Nails for Any Occasion,"TOO_LONG: Title is 62 chars (>60 chars, may truncate in Google SERPs)."
2119,2026-07-11,73,4-of-july-hairstyles,https://nailosmetic.com/4-of-july-hairstyles/,7 Viral 4th of July Hairstyles That Will Turn Heads at Every Backyard BBQ,7 Viral 4th of July Hairstyles That Will Turn Heads at Every Backyard Bbq,"TOO_LONG: Title is 73 chars (>60 chars, may truncate in Google SERPs)."
2200,2026-07-16,61,leo-birthday-nails,https://nailosmetic.com/leo-birthday-nails/,Leo Birthday Nails: 7 Fierce Designs to Command the Spotlight,Leo Birthday Nails: 7 Fierce Designs to Command the Spotlight,"TOO_LONG: Title is 61 chars (>60 chars, may truncate in Google SERPs)."
2226,2026-07-17,73,neopolotin-hair-color-trend,https://nailosmetic.com/neopolotin-hair-color-trend/,Neopolotin Hair Color: The Ultimate Guide to This Sweet Multi-Tonal Trend,Neopolotin Hair Color: the Ultimate Guide to This Sweet Multi-Tonal Trend,"TOO_LONG: Title is 73 chars (>60 chars, may truncate in Google SERPs)."
2235,2026-07-18,64,ruby-nails-luxury-trend,https://nailosmetic.com/ruby-nails-luxury-trend/,10 Reasons Why Ruby Nails Are The Ultimate Luxury Manicure Trend,10 Reasons Why Ruby Nails Are the Ultimate Luxury Manicure Trend,"TOO_LONG: Title is 64 chars (>60 chars, may truncate in Google SERPs)."
2244,2026-07-18,72,zendaya-makeup-beauty-guide,https://nailosmetic.com/zendaya-makeup-beauty-guide/,Zendaya Makeup: The Ultimate Guide to Recreating Her Iconic Beauty Looks,Zendaya Makeup: the Ultimate Guide to Recreating Her Iconic Beauty Looks,"TOO_LONG: Title is 72 chars (>60 chars, may truncate in Google SERPs)."
2253,2026-07-19,62,nail-ideas-y2k,https://nailosmetic.com/nail-ideas-y2k/,10 Iconic Y2K Nail Ideas to Revive Your Nostalgic Manicure Era,10 Iconic Y2K Nail Ideas to Revive Your Nostalgic Manicure Era,"TOO_LONG: Title is 62 chars (>60 chars, may truncate in Google SERPs)."
2320,2026-07-24,68,chic-striped-nails-guide,https://nailosmetic.com/chic-striped-nails-guide/,Striped Nails: 7 Chic Designs You Need to Try for Your Next Manicure,Striped Nails: 7 Chic Designs You Need to Try for Your Next Manicure,"TOO_LONG: Title is 68 chars (>60 chars, may truncate in Google SERPs)."
2357,2026-07-26,63,cute-back-to-school-hairstyles,https://nailosmetic.com/cute-back-to-school-hairstyles/,10 Cute Back to School Hairstyles That Turn Heads This Semester,10 Cute Back to School Hairstyles That Turn Heads This Semester,"TOO_LONG: Title is 63 chars (>60 chars, may truncate in Google SERPs)."
2366,2026-07-26,61,halloween-hair-ideas,https://nailosmetic.com/halloween-hair-ideas/,10 Spooky & Chic Halloween Hair Ideas to Elevate Your Costume,10 Spooky & Chic Halloween Hair Ideas to Elevate Your Costume,"TOO_LONG: Title is 61 chars (>60 chars, may truncate in Google SERPs)."
2375,2026-07-27,64,nail-inspo-back-to-school,https://nailosmetic.com/nail-inspo-back-to-school/,15 Trendy Nail Inspo Back to School Ideas for a Stylish Semester,15 Trendy Nail Inspo Back to School Ideas for a Stylish Semester,"TOO_LONG: Title is 64 chars (>60 chars, may truncate in Google SERPs)."
2420,2026-07-30,67,nail-inspo-for-school,https://nailosmetic.com/nail-inspo-for-school/,10 Chic & Trendy Nail Inspo for School Ideas That Elevate Your Look,10 Chic & Trendy Nail Inspo for School Ideas That Elevate Your Look,"TOO_LONG: Title is 67 chars (>60 chars, may truncate in Google SERPs)."
2456,2026-08-01,66,slick-back-hairstyles-guide,https://nailosmetic.com/slick-back-hairstyles-guide/,7 Chic Slick Back Hairstyles: The Ultimate Guide to Editorial Hair,7 Chic Slick Back Hairstyles: the Ultimate Guide to Editorial Hair,"TOO_LONG: Title is 66 chars (>60 chars, may truncate in Google SERPs)."
2483,2026-08-02,71,nails-for-august,https://nailosmetic.com/nails-for-august/,10 Trendy Nails for August: The Ultimate Guide to Late Summer Manicures,10 Trendy Nails for August: the Ultimate Guide to Late Summer Manicures,"TOO_LONG: Title is 71 chars (>60 chars, may truncate in Google SERPs)."
2519,2026-08-04,72,skin-boil-management-guide,https://nailosmetic.com/skin-boil-management-guide/,Managing Skin Boils: Professional Beauty & Hygiene Tips for Radiant Skin,Managing Skin Boils: Professional Beauty & Hygiene Tips for Radiant Skin,"TOO_LONG: Title is 72 chars (>60 chars, may truncate in Google SERPs)."
2555,2026-08-07,71,hiking-outfit-women,https://nailosmetic.com/hiking-outfit-women/,The Ultimate Hiking Outfit Women’s Guide: Functional Meets High Fashion,The Ultimate Hiking Outfit Women’s Guide: Functional Meets High Fashion,"TOO_LONG: Title is 71 chars (>60 chars, may truncate in Google SERPs)."
2636,2026-08-12,69,fall-mantle-decor-ideas,https://nailosmetic.com/fall-mantle-decor-ideas/,10 Chic Fall Mantle Decor Ideas to Elevate Your Living Room Aesthetic,10 Chic Fall Mantle Decor Ideas to Elevate Your Living Room Aesthetic,"TOO_LONG: Title is 69 chars (>60 chars, may truncate in Google SERPs)."
2663,2026-08-14,74,back-to-school-nails-2026,https://nailosmetic.com/back-to-school-nails-2026/,Back to School Nails 2026: The Ultimate Guide to Classroom-Ready Manicures,Back to School Nails 2026: the Ultimate Guide to Classroom-Ready Manicures,"TOO_LONG: Title is 74 chars (>60 chars, may truncate in Google SERPs)."
2681,2026-08-15,67,picture-day-hairstyles,https://nailosmetic.com/picture-day-hairstyles/,10 Picture Day Hairstyles That Guarantee a Flawless School Portrait,10 Picture Day Hairstyles That Guarantee a Flawless School Portrait,"TOO_LONG: Title is 67 chars (>60 chars, may truncate in Google SERPs)."
2708,2026-08-17,68,fall-hairstyles-black-women,https://nailosmetic.com/fall-hairstyles-black-women/,10 Chic Fall Hairstyles for Black Women: The Ultimate Seasonal Guide,10 Chic Fall Hairstyles for Black Women: the Ultimate Seasonal Guide,"TOO_LONG: Title is 68 chars (>60 chars, may truncate in Google SERPs)."
2717,2026-08-17,61,best-nails-for-fall,https://nailosmetic.com/best-nails-for-fall/,7 Luxurious Nails for Fall Trends That Define Autumn Elegance,7 Luxurious Nails for Fall Trends That Define Autumn Elegance,"TOO_LONG: Title is 61 chars (>60 chars, may truncate in Google SERPs)."
2735,2026-08-18,67,september-nails-designs,https://nailosmetic.com/september-nails-designs/,15 Chic September Nails Designs to Elevate Your Seasonal Transition,15 Chic September Nails Designs to Elevate Your Seasonal Transition,"TOO_LONG: Title is 67 chars (>60 chars, may truncate in Google SERPs)."
2744,2026-08-19,74,fresh-spring-nail-trends,https://nailosmetic.com/fresh-spring-nail-trends/,10 Fresh Spring Nail Trends for Short Nails: Elevate Your Manicure in 2024,10 Fresh Spring Nail Trends for Short Nails: Elevate Your Manicure in 2026,"OUTDATED_YEAR: Mentions '2024' but post was published in '2026'. | TOO_LONG: Title is 74 chars (>60 chars, may truncate in Google SERPs)."
2789,2026-08-22,73,noah-kahan-concert-outfit,https://nailosmetic.com/noah-kahan-concert-outfit/,Noah Kahan Concert Outfit Guide: 7 Chic Looks for the ‘Stick Season’ Vibe,Noah Kahan Concert Outfit Guide: 7 Chic Looks for the ‘Stick Season’ Vibe,"TOO_LONG: Title is 73 chars (>60 chars, may truncate in Google SERPs)."
2807,2026-08-23,67,september-nail-colors-trends,https://nailosmetic.com/september-nail-colors-trends/,10 Chic September Nail Colors to Transition Your Manicure Into Fall,10 Chic September Nail Colors to Transition Your Manicure Into Fall,"TOO_LONG: Title is 67 chars (>60 chars, may truncate in Google SERPs)."
2823,2026-08-23,20,september-nail-inspo,https://nailosmetic.com/september-nail-inspo/,September Nail Inspo,September Nail Inspo,"TOO_SHORT: Title is 20 chars (<30 chars, weak for SEO)."
2846,2026-08-24,27,edgy-alt-haircuts-for-women,https://nailosmetic.com/edgy-alt-haircuts-for-women/,Edgy Alt Haircuts for Women,Edgy Alt Haircuts for Women,"TOO_SHORT: Title is 27 chars (<30 chars, weak for SEO)."
2864,2026-08-25,21,september-nails-ideas,https://nailosmetic.com/september-nails-ideas/,September Nails Ideas,September Nails Ideas,"TOO_SHORT: Title is 21 chars (<30 chars, weak for SEO)."
2882,2026-08-27,12,kesha-makeup,https://nailosmetic.com/kesha-makeup/,Kesha Makeup,Kesha Makeup,"TOO_SHORT: Title is 12 chars (<30 chars, weak for SEO)."
2892,2026-08-28,22,simple-september-nails,https://nailosmetic.com/simple-september-nails/,Simple September Nails,Simple September Nails,"TOO_SHORT: Title is 22 chars (<30 chars, weak for SEO)."
2915,2026-08-29,20,nail-ideas-september,https://nailosmetic.com/nail-ideas-september/,Nail Ideas September,Nail Ideas September,"TOO_SHORT: Title is 20 chars (<30 chars, weak for SEO)."
2948,2026-08-30,19,fall-pedicure-ideas,https://nailosmetic.com/fall-pedicure-ideas/,Fall Pedicure Ideas,Fall Pedicure Ideas,"TOO_SHORT: Title is 19 chars (<30 chars, weak for SEO)."
2958,2026-08-30,20,nail-inspo-september,https://nailosmetic.com/nail-inspo-september/,Nail Inspo September,Nail Inspo September,"TOO_SHORT: Title is 20 chars (<30 chars, weak for SEO)."
2969,2026-08-31,22,september-nail-designs,https://nailosmetic.com/september-nail-designs/,September Nail Designs,September Nail Designs,"TOO_SHORT: Title is 22 chars (<30 chars, weak for SEO)."
2982,2026-09-01,22,summer-into-fall-nails,https://nailosmetic.com/summer-into-fall-nails/,Summer Into Fall Nails,Summer Into Fall Nails,"TOO_SHORT: Title is 22 chars (<30 chars, weak for SEO)."
3001,2026-09-01,19,dolly-parton-makeup,https://nailosmetic.com/dolly-parton-makeup/,Dolly Parton Makeup,Dolly Parton Makeup,"TOO_SHORT: Title is 19 chars (<30 chars, weak for SEO)."
3013,2026-09-02,21,early-september-nails,https://nailosmetic.com/early-september-nails/,Early September Nails,Early September Nails,"TOO_SHORT: Title is 21 chars (<30 chars, weak for SEO)."
3030,2026-09-04,15,fall-pink-nails,https://nailosmetic.com/fall-pink-nails/,Fall Pink Nails,Fall Pink Nails,"TOO_SHORT: Title is 15 chars (<30 chars, weak for SEO)."
3040,2026-09-05,15,fall-chalkboard,https://nailosmetic.com/fall-chalkboard/,Fall Chalkboard,Fall Chalkboard,"TOO_SHORT: Title is 15 chars (<30 chars, weak for SEO)."
3052,2026-09-05,22,september-nails-square,https://nailosmetic.com/september-nails-square/,September Nails Square,September Nails Square,"TOO_SHORT: Title is 22 chars (<30 chars, weak for SEO)."
3065,2026-09-06,28,fall-nails-2026-color-trends,https://nailosmetic.com/fall-nails-2026-color-trends/,Fall Nails 2026 Color Trends,Fall Nails 2026 Color Trends,"TOO_SHORT: Title is 28 chars (<30 chars, weak for SEO)."
3079,2026-09-06,20,september-nails-2026,https://nailosmetic.com/september-nails-2026/,September Nails 2026,September Nails 2026,"TOO_SHORT: Title is 20 chars (<30 chars, weak for SEO)."
3090,2026-09-07,20,september-2026-nails,https://nailosmetic.com/september-2026-nails/,September 2026 Nails,September 2026 Nails,"TOO_SHORT: Title is 20 chars (<30 chars, weak for SEO)."
3101,2026-09-07,25,september-toe-nails-color,https://nailosmetic.com/september-toe-nails-color/,September Toe Nails Color,September Toe Nails Color,"TOO_SHORT: Title is 25 chars (<30 chars, weak for SEO)."
3111,2026-09-08,21,fall-nail-colors-2026,https://nailosmetic.com/fall-nail-colors-2026/,Fall Nail Colors 2026,Fall Nail Colors 2026,"TOO_SHORT: Title is 21 chars (<30 chars, weak for SEO)."
3123,2026-09-08,24,fall-themed-nails-simple,https://nailosmetic.com/fall-themed-nails-simple/,Fall Themed Nails Simple,Fall Themed Nails Simple,"TOO_SHORT: Title is 24 chars (<30 chars, weak for SEO)."
3133,2026-09-09,16,bedazzling-ideas,https://nailosmetic.com/bedazzling-ideas/,Bedazzling Ideas,Bedazzling Ideas,"TOO_SHORT: Title is 16 chars (<30 chars, weak for SEO)."
3144,2026-09-09,29,spooky-cute-skull-makeup-easy,https://nailosmetic.com/spooky-cute-skull-makeup-easy/,Spooky Cute Skull Makeup Easy,Spooky Cute Skull Makeup Easy,"TOO_SHORT: Title is 29 chars (<30 chars, weak for SEO)."
3156,2026-09-10,14,fall-gel-nails,https://nailosmetic.com/fall-gel-nails/,Fall Gel Nails,Fall Gel Nails,"TOO_SHORT: Title is 14 chars (<30 chars, weak for SEO)."
3173,2026-09-11,17,classy-fall-nails,https://nailosmetic.com/classy-fall-nails/,Classy Fall Nails,Classy Fall Nails,"TOO_SHORT: Title is 17 chars (<30 chars, weak for SEO)."
3186,2026-09-11,19,cute-nails-for-fall,https://nailosmetic.com/cute-nails-for-fall/,Cute Nails for Fall,Cute Nails for Fall,"TOO_SHORT: Title is 19 chars (<30 chars, weak for SEO)."
3207,2026-09-12,15,fall-blue-nails,https://nailosmetic.com/fall-blue-nails/,Fall Blue Nails,Fall Blue Nails,"TOO_SHORT: Title is 15 chars (<30 chars, weak for SEO)."
3218,2026-09-13,22,cute-fall-almond-nails,https://nailosmetic.com/cute-fall-almond-nails/,Cute Fall Almond Nails,Cute Fall Almond Nails,"TOO_SHORT: Title is 22 chars (<30 chars, weak for SEO)."
3228,2026-09-13,15,fall-french-tip,https://nailosmetic.com/fall-french-tip/,Fall French Tip,Fall French Tip,"TOO_SHORT: Title is 15 chars (<30 chars, weak for SEO)."
3239,2026-09-14,14,fall-pedicures,https://nailosmetic.com/fall-pedicures/,fall pedicures,Fall Pedicures,"ALL_LOWERCASE: Entire title is lowercase with no capital letters. | TOO_SHORT: Title is 14 chars (<30 chars, weak for SEO)."
3261,2026-09-15,20,fall-sunflower-nails,https://nailosmetic.com/fall-sunflower-nails/,Fall Sunflower Nails,Fall Sunflower Nails,"TOO_SHORT: Title is 20 chars (<30 chars, weak for SEO)."
3272,2026-09-16,23,fall-table-centerpieces,https://nailosmetic.com/fall-table-centerpieces/,Fall Table Centerpieces,Fall Table Centerpieces,"TOO_SHORT: Title is 23 chars (<30 chars, weak for SEO)."
3281,2026-09-16,20,fall-checkered-nails,https://nailosmetic.com/fall-checkered-nails/,Fall Checkered Nails,Fall Checkered Nails,"TOO_SHORT: Title is 20 chars (<30 chars, weak for SEO)."
3302,2026-09-17,20,fall-nails-september,https://nailosmetic.com/fall-nails-september/,Fall Nails September,Fall Nails September,"TOO_SHORT: Title is 20 chars (<30 chars, weak for SEO)."
3312,2026-09-18,18,early-autumn-nails,https://nailosmetic.com/early-autumn-nails/,Early Autumn Nails,Early Autumn Nails,"TOO_SHORT: Title is 18 chars (<30 chars, weak for SEO)."
3322,2026-09-18,23,fall-nails-brown-chrome,https://nailosmetic.com/fall-nails-brown-chrome/,Fall Nails Brown Chrome,Fall Nails Brown Chrome,"TOO_SHORT: Title is 23 chars (<30 chars, weak for SEO)."
3332,2026-09-19,26,pumpkin-spice-nail-designs,https://nailosmetic.com/pumpkin-spice-nail-designs/,Pumpkin Spice Nail Designs,Pumpkin Spice Nail Designs,"TOO_SHORT: Title is 26 chars (<30 chars, weak for SEO)."
3343,2026-09-19,21,fall-nail-inspo-brown,https://nailosmetic.com/fall-nail-inspo-brown/,Fall Nail Inspo Brown,Fall Nail Inspo Brown,"TOO_SHORT: Title is 21 chars (<30 chars, weak for SEO)."
3354,2026-09-20,25,halloween-window-painting,https://nailosmetic.com/halloween-window-painting/,Halloween Window Painting,Halloween Window Painting,"TOO_SHORT: Title is 25 chars (<30 chars, weak for SEO)."
3363,2026-09-20,17,hoco-makeup-inspo,https://nailosmetic.com/hoco-makeup-inspo/,Hoco Makeup Inspo,Hoco Makeup Inspo,"TOO_SHORT: Title is 17 chars (<30 chars, weak for SEO)."
3376,2026-09-21,20,september-fall-nails,https://nailosmetic.com/september-fall-nails/,September Fall Nails,September Fall Nails,"TOO_SHORT: Title is 20 chars (<30 chars, weak for SEO)."
3385,2026-09-21,21,curly-hoco-hairstyles,https://nailosmetic.com/curly-hoco-hairstyles/,Curly Hoco Hairstyles,Curly Hoco Hairstyles,"TOO_SHORT: Title is 21 chars (<30 chars, weak for SEO)."
3393,2026-09-22,20,hoco-makeup-tutorial,https://nailosmetic.com/hoco-makeup-tutorial/,Hoco Makeup Tutorial,Hoco Makeup Tutorial,"TOO_SHORT: Title is 20 chars (<30 chars, weak for SEO)."
3408,2026-09-23,21,fall-nails-inspo-2026,https://nailosmetic.com/fall-nails-inspo-2026/,Fall Nails Inspo 2026,Fall Nails Inspo 2026,"TOO_SHORT: Title is 21 chars (<30 chars, weak for SEO)."
3415,2026-09-24,22,simple-hoco-hairstyles,https://nailosmetic.com/simple-hoco-hairstyles/,Simple Hoco Hairstyles,Simple Hoco Hairstyles,"TOO_SHORT: Title is 22 chars (<30 chars, weak for SEO)."
3423,2026-09-24,22,trendy-halloween-nails,https://nailosmetic.com/trendy-halloween-nails/,Trendy Halloween Nails,Trendy Halloween Nails,"TOO_SHORT: Title is 22 chars (<30 chars, weak for SEO)."
3434,2026-09-25,20,hair-styles-for-hoco,https://nailosmetic.com/hair-styles-for-hoco/,Hair Styles for Hoco,Hair Styles for Hoco,"TOO_SHORT: Title is 20 chars (<30 chars, weak for SEO)."
3447,2026-09-25,25,fall-pumpkin-nail-designs,https://nailosmetic.com/fall-pumpkin-nail-designs/,Fall Pumpkin Nail Designs,Fall Pumpkin Nail Designs,"TOO_SHORT: Title is 25 chars (<30 chars, weak for SEO)."
3460,2026-09-26,16,fall-funky-nails,https://nailosmetic.com/fall-funky-nails/,Fall Funky Nails,Fall Funky Nails,"TOO_SHORT: Title is 16 chars (<30 chars, weak for SEO)."
3471,2026-09-26,26,easy-homecoming-hairstyles,https://nailosmetic.com/easy-homecoming-hairstyles/,Easy Homecoming Hairstyles,Easy Homecoming Hairstyles,"TOO_SHORT: Title is 26 chars (<30 chars, weak for SEO)."
3481,2026-09-27,23,fall-nails-red-burgundy,https://nailosmetic.com/fall-nails-red-burgundy/,Fall Nails Red Burgundy,Fall Nails Red Burgundy,"TOO_SHORT: Title is 23 chars (<30 chars, weak for SEO)."
3490,2026-09-27,25,fall-cat-eye-nail-designs,https://nailosmetic.com/fall-cat-eye-nail-designs/,Fall Cat Eye Nail Designs,Fall Cat Eye Nail Designs,"TOO_SHORT: Title is 25 chars (<30 chars, weak for SEO)."
3198,2026-09-12,15,fall-aura-nails,https://nailosmetic.com/fall-aura-nails/,Fall Aura Nails,Fall Aura Nails,"TOO_SHORT: Title is 15 chars (<30 chars, weak for SEO)."
