cluster_id,cluster_topic,cluster_size,role,post_id,post_title,slug,link,word_count,date,suggested_action
1,September Nails,18,PILLAR,2823,September Nail Inspo,september-nail-inspo,https://nailosmetic.com/september-nail-inspo/,5731,2026-08-23,"DIFFERENTIATE OR CONSOLIDATE: Adjust H1s and focus keywords for distinct sub-intents (e.g. short vs coffin, acrylic vs gel) or merge."
1,September Nails,18,COMPETITOR,2814,Nails for September,nails-for-september,https://nailosmetic.com/nails-for-september/,5309,2026-08-23,"DIFFERENTIATE OR CONSOLIDATE: Adjust H1s and focus keywords for distinct sub-intents (e.g. short vs coffin, acrylic vs gel) or merge."
1,September Nails,18,COMPETITOR,3052,September Nails Square,september-nails-square,https://nailosmetic.com/september-nails-square/,5062,2026-09-05,"DIFFERENTIATE OR CONSOLIDATE: Adjust H1s and focus keywords for distinct sub-intents (e.g. short vs coffin, acrylic vs gel) or merge."
1,September Nails,18,COMPETITOR,3013,Early September Nails,early-september-nails,https://nailosmetic.com/early-september-nails/,5008,2026-09-02,"DIFFERENTIATE OR CONSOLIDATE: Adjust H1s and focus keywords for distinct sub-intents (e.g. short vs coffin, acrylic vs gel) or merge."
1,September Nails,18,COMPETITOR,3090,September 2026 Nails,september-2026-nails,https://nailosmetic.com/september-2026-nails/,4949,2026-09-07,"DIFFERENTIATE OR CONSOLIDATE: Adjust H1s and focus keywords for distinct sub-intents (e.g. short vs coffin, acrylic vs gel) or merge."
1,September Nails,18,COMPETITOR,3376,September Fall Nails,september-fall-nails,https://nailosmetic.com/september-fall-nails/,4850,2026-09-21,"DIFFERENTIATE OR CONSOLIDATE: Adjust H1s and focus keywords for distinct sub-intents (e.g. short vs coffin, acrylic vs gel) or merge."
1,September Nails,18,COMPETITOR,3079,September Nails 2026,september-nails-2026,https://nailosmetic.com/september-nails-2026/,4817,2026-09-06,"DIFFERENTIATE OR CONSOLIDATE: Adjust H1s and focus keywords for distinct sub-intents (e.g. short vs coffin, acrylic vs gel) or merge."
1,September Nails,18,COMPETITOR,2969,September Nail Designs,september-nail-designs,https://nailosmetic.com/september-nail-designs/,4645,2026-08-31,"DIFFERENTIATE OR CONSOLIDATE: Adjust H1s and focus keywords for distinct sub-intents (e.g. short vs coffin, acrylic vs gel) or merge."
1,September Nails,18,COMPETITOR,2892,Simple September Nails,simple-september-nails,https://nailosmetic.com/simple-september-nails/,4105,2026-08-28,"DIFFERENTIATE OR CONSOLIDATE: Adjust H1s and focus keywords for distinct sub-intents (e.g. short vs coffin, acrylic vs gel) or merge."
1,September Nails,18,COMPETITOR,2864,September Nails Ideas,september-nails-ideas,https://nailosmetic.com/september-nails-ideas/,4104,2026-08-25,"DIFFERENTIATE OR CONSOLIDATE: Adjust H1s and focus keywords for distinct sub-intents (e.g. short vs coffin, acrylic vs gel) or merge."
1,September Nails,18,COMPETITOR,3302,Fall Nails September,fall-nails-september,https://nailosmetic.com/fall-nails-september/,4103,2026-09-17,"DIFFERENTIATE OR CONSOLIDATE: Adjust H1s and focus keywords for distinct sub-intents (e.g. short vs coffin, acrylic vs gel) or merge."
1,September Nails,18,COMPETITOR,2915,Nail Ideas September,nail-ideas-september,https://nailosmetic.com/nail-ideas-september/,4100,2026-08-29,"DIFFERENTIATE OR CONSOLIDATE: Adjust H1s and focus keywords for distinct sub-intents (e.g. short vs coffin, acrylic vs gel) or merge."
1,September Nails,18,COMPETITOR,2958,Nail Inspo September,nail-inspo-september,https://nailosmetic.com/nail-inspo-september/,4007,2026-08-30,"DIFFERENTIATE OR CONSOLIDATE: Adjust H1s and focus keywords for distinct sub-intents (e.g. short vs coffin, acrylic vs gel) or merge."
1,September Nails,18,COMPETITOR,3101,September Toe Nails Color,september-toe-nails-color,https://nailosmetic.com/september-toe-nails-color/,3993,2026-09-07,"DIFFERENTIATE OR CONSOLIDATE: Adjust H1s and focus keywords for distinct sub-intents (e.g. short vs coffin, acrylic vs gel) or merge."
1,September Nails,18,COMPETITOR,2807,10 Chic September Nail Colors to Transition Your Manicure Into Fall,september-nail-colors-trends,https://nailosmetic.com/september-nail-colors-trends/,2016,2026-08-23,"DIFFERENTIATE OR CONSOLIDATE: Adjust H1s and focus keywords for distinct sub-intents (e.g. short vs coffin, acrylic vs gel) or merge."
1,September Nails,18,COMPETITOR,2735,15 Chic September Nails Designs to Elevate Your Seasonal Transition,september-nails-designs,https://nailosmetic.com/september-nails-designs/,2002,2026-08-18,"DIFFERENTIATE OR CONSOLIDATE: Adjust H1s and focus keywords for distinct sub-intents (e.g. short vs coffin, acrylic vs gel) or merge."
1,September Nails,18,COMPETITOR,2726,August September Nails: The Ultimate Transition Manicure Guide,august-september-nails-transition,https://nailosmetic.com/august-september-nails-transition/,1941,2026-08-18,"DIFFERENTIATE OR CONSOLIDATE: Adjust H1s and focus keywords for distinct sub-intents (e.g. short vs coffin, acrylic vs gel) or merge."
1,September Nails,18,COMPETITOR,2699,15 Chic September Nail Ideas to Transition Into Autumn,september-nail-ideas,https://nailosmetic.com/september-nail-ideas/,1861,2026-08-16,"DIFFERENTIATE OR CONSOLIDATE: Adjust H1s and focus keywords for distinct sub-intents (e.g. short vs coffin, acrylic vs gel) or merge."
2,Back to School Nails,14,PILLAR,3021,Back to School Makeup for Teens,back-to-school-makeup-for-teens,https://nailosmetic.com/back-to-school-makeup-for-teens/,4688,2026-09-04,"DIFFERENTIATE OR CONSOLIDATE: Adjust H1s and focus keywords for distinct sub-intents (e.g. short vs coffin, acrylic vs gel) or merge."
2,Back to School Nails,14,COMPETITOR,2330,7 Effortless Basic Back to School Nails for a Stylish Semester,basic-back-to-school-nails,https://nailosmetic.com/basic-back-to-school-nails/,2055,2026-07-24,"DIFFERENTIATE OR CONSOLIDATE: Adjust H1s and focus keywords for distinct sub-intents (e.g. short vs coffin, acrylic vs gel) or merge."
2,Back to School Nails,14,COMPETITOR,2217,Back to School Nails: 7 Chic Manicures for a Stylish Semester,nails-back-to-school,https://nailosmetic.com/nails-back-to-school/,2031,2026-07-16,"DIFFERENTIATE OR CONSOLIDATE: Adjust H1s and focus keywords for distinct sub-intents (e.g. short vs coffin, acrylic vs gel) or merge."
2,Back to School Nails,14,COMPETITOR,2288,10 Sophisticated Back to School Nails Short Designs That Redefine Campus Chic,back-to-school-nails-short,https://nailosmetic.com/back-to-school-nails-short/,2020,2026-07-20,"DIFFERENTIATE OR CONSOLIDATE: Adjust H1s and focus keywords for distinct sub-intents (e.g. short vs coffin, acrylic vs gel) or merge."
2,Back to School Nails,14,COMPETITOR,2339,7 Stunning Back to School Braids to Ace Your Campus Look,best-back-to-school-braids,https://nailosmetic.com/best-back-to-school-braids/,1999,2026-07-25,"DIFFERENTIATE OR CONSOLIDATE: Adjust H1s and focus keywords for distinct sub-intents (e.g. short vs coffin, acrylic vs gel) or merge."
2,Back to School Nails,14,COMPETITOR,2279,7 Effortless Back to School Hair Trends for a Perfect First Day,back-to-school-hair-trends,https://nailosmetic.com/back-to-school-hair-trends/,1982,2026-07-20,"DIFFERENTIATE OR CONSOLIDATE: Adjust H1s and focus keywords for distinct sub-intents (e.g. short vs coffin, acrylic vs gel) or merge."
2,Back to School Nails,14,COMPETITOR,2164,10 Chic Nail Ideas Back to School: Elevate Your Academic Aesthetic,nail-ideas-back-to-school,https://nailosmetic.com/nail-ideas-back-to-school/,1973,2026-07-13,"DIFFERENTIATE OR CONSOLIDATE: Adjust H1s and focus keywords for distinct sub-intents (e.g. short vs coffin, acrylic vs gel) or merge."
2,Back to School Nails,14,COMPETITOR,2357,10 Cute Back to School Hairstyles That Turn Heads This Semester,cute-back-to-school-hairstyles,https://nailosmetic.com/cute-back-to-school-hairstyles/,1948,2026-07-26,"DIFFERENTIATE OR CONSOLIDATE: Adjust H1s and focus keywords for distinct sub-intents (e.g. short vs coffin, acrylic vs gel) or merge."
2,Back to School Nails,14,COMPETITOR,2411,Middle School Nails: 7 Trendy Designs That Are Classroom-Approved,middle-school-nails-trends,https://nailosmetic.com/middle-school-nails-trends/,1876,2026-07-29,"DIFFERENTIATE OR CONSOLIDATE: Adjust H1s and focus keywords for distinct sub-intents (e.g. short vs coffin, acrylic vs gel) or merge."
2,Back to School Nails,14,COMPETITOR,2510,"Back to School Nails Square: The Ultimate Guide to Sharp, Sophisticated Style",back-to-school-nails-square,https://nailosmetic.com/back-to-school-nails-square/,1863,2026-08-04,"DIFFERENTIATE OR CONSOLIDATE: Adjust H1s and focus keywords for distinct sub-intents (e.g. short vs coffin, acrylic vs gel) or merge."
2,Back to School Nails,14,COMPETITOR,2663,Back to School Nails 2026: The Ultimate Guide to Classroom-Ready Manicures,back-to-school-nails-2026,https://nailosmetic.com/back-to-school-nails-2026/,1846,2026-08-14,"DIFFERENTIATE OR CONSOLIDATE: Adjust H1s and focus keywords for distinct sub-intents (e.g. short vs coffin, acrylic vs gel) or merge."
2,Back to School Nails,14,COMPETITOR,2375,15 Trendy Nail Inspo Back to School Ideas for a Stylish Semester,nail-inspo-back-to-school,https://nailosmetic.com/nail-inspo-back-to-school/,1789,2026-07-27,"DIFFERENTIATE OR CONSOLIDATE: Adjust H1s and focus keywords for distinct sub-intents (e.g. short vs coffin, acrylic vs gel) or merge."
2,Back to School Nails,14,COMPETITOR,1125,9 Viral Back to School Nail Art Trends to Ace Your Semester Style,back-to-school-nail-art-2,https://nailosmetic.com/back-to-school-nail-art-2/,1529,2026-05-17,"DIFFERENTIATE OR CONSOLIDATE: Adjust H1s and focus keywords for distinct sub-intents (e.g. short vs coffin, acrylic vs gel) or merge."
2,Back to School Nails,14,COMPETITOR,501,15+ Chic Back to School Nail Art Ideas for a Stylish Return,back-to-school-nail-art,https://nailosmetic.com/back-to-school-nail-art/,579,2026-04-21,"DIFFERENTIATE OR CONSOLIDATE: Adjust H1s and focus keywords for distinct sub-intents (e.g. short vs coffin, acrylic vs gel) or merge."
3,Fall & Autumn Nails,12,PILLAR,3343,Fall Nail Inspo Brown,fall-nail-inspo-brown,https://nailosmetic.com/fall-nail-inspo-brown/,5066,2026-09-19,"DIFFERENTIATE OR CONSOLIDATE: Adjust H1s and focus keywords for distinct sub-intents (e.g. short vs coffin, acrylic vs gel) or merge."
3,Fall & Autumn Nails,12,COMPETITOR,3173,Classy Fall Nails,classy-fall-nails,https://nailosmetic.com/classy-fall-nails/,4941,2026-09-11,"DIFFERENTIATE OR CONSOLIDATE: Adjust H1s and focus keywords for distinct sub-intents (e.g. short vs coffin, acrylic vs gel) or merge."
3,Fall & Autumn Nails,12,COMPETITOR,3322,Fall Nails Brown Chrome,fall-nails-brown-chrome,https://nailosmetic.com/fall-nails-brown-chrome/,4791,2026-09-18,"DIFFERENTIATE OR CONSOLIDATE: Adjust H1s and focus keywords for distinct sub-intents (e.g. short vs coffin, acrylic vs gel) or merge."
3,Fall & Autumn Nails,12,COMPETITOR,3111,Fall Nail Colors 2026,fall-nail-colors-2026,https://nailosmetic.com/fall-nail-colors-2026/,4513,2026-09-08,"DIFFERENTIATE OR CONSOLIDATE: Adjust H1s and focus keywords for distinct sub-intents (e.g. short vs coffin, acrylic vs gel) or merge."
3,Fall & Autumn Nails,12,COMPETITOR,2982,Summer Into Fall Nails,summer-into-fall-nails,https://nailosmetic.com/summer-into-fall-nails/,4486,2026-09-01,"DIFFERENTIATE OR CONSOLIDATE: Adjust H1s and focus keywords for distinct sub-intents (e.g. short vs coffin, acrylic vs gel) or merge."
3,Fall & Autumn Nails,12,COMPETITOR,3408,Fall Nails Inspo 2026,fall-nails-inspo-2026,https://nailosmetic.com/fall-nails-inspo-2026/,4328,2026-09-23,"DIFFERENTIATE OR CONSOLIDATE: Adjust H1s and focus keywords for distinct sub-intents (e.g. short vs coffin, acrylic vs gel) or merge."
3,Fall & Autumn Nails,12,COMPETITOR,3065,Fall Nails 2026 Color Trends,fall-nails-2026-color-trends,https://nailosmetic.com/fall-nails-2026-color-trends/,4316,2026-09-06,"DIFFERENTIATE OR CONSOLIDATE: Adjust H1s and focus keywords for distinct sub-intents (e.g. short vs coffin, acrylic vs gel) or merge."
3,Fall & Autumn Nails,12,COMPETITOR,3481,Fall Nails Red Burgundy,fall-nails-red-burgundy,https://nailosmetic.com/fall-nails-red-burgundy/,4005,2026-09-27,"DIFFERENTIATE OR CONSOLIDATE: Adjust H1s and focus keywords for distinct sub-intents (e.g. short vs coffin, acrylic vs gel) or merge."
3,Fall & Autumn Nails,12,COMPETITOR,3312,Early Autumn Nails,early-autumn-nails,https://nailosmetic.com/early-autumn-nails/,3914,2026-09-18,"DIFFERENTIATE OR CONSOLIDATE: Adjust H1s and focus keywords for distinct sub-intents (e.g. short vs coffin, acrylic vs gel) or merge."
3,Fall & Autumn Nails,12,COMPETITOR,2609,10 Chic Short Fall Nails: The Ultimate Autumn Manicure Edit,short-fall-nails,https://nailosmetic.com/short-fall-nails/,1958,2026-08-10,"DIFFERENTIATE OR CONSOLIDATE: Adjust H1s and focus keywords for distinct sub-intents (e.g. short vs coffin, acrylic vs gel) or merge."
3,Fall & Autumn Nails,12,COMPETITOR,2645,10 Chicest Fall Nails Square Designs to Elevate Your Autumn Aesthetic,fall-nails-square,https://nailosmetic.com/fall-nails-square/,1920,2026-08-13,"DIFFERENTIATE OR CONSOLIDATE: Adjust H1s and focus keywords for distinct sub-intents (e.g. short vs coffin, acrylic vs gel) or merge."
3,Fall & Autumn Nails,12,COMPETITOR,2537,15 Simple Fall Nails That Are Defining Autumn Elegance,simple-fall-nails,https://nailosmetic.com/simple-fall-nails/,1723,2026-08-06,"DIFFERENTIATE OR CONSOLIDATE: Adjust H1s and focus keywords for distinct sub-intents (e.g. short vs coffin, acrylic vs gel) or merge."
4,Spring Nails,10,PILLAR,2744,10 Fresh Spring Nail Trends for Short Nails: Elevate Your Manicure in 2024,fresh-spring-nail-trends,https://nailosmetic.com/fresh-spring-nail-trends/,1797,2026-08-19,"DIFFERENTIATE OR CONSOLIDATE: Adjust H1s and focus keywords for distinct sub-intents (e.g. short vs coffin, acrylic vs gel) or merge."
4,Spring Nails,10,COMPETITOR,1425,7 Baddie Spring Nails Trends That Are Breaking the Internet,baddie-spring-nails,https://nailosmetic.com/baddie-spring-nails/,1635,2026-06-03,"DIFFERENTIATE OR CONSOLIDATE: Adjust H1s and focus keywords for distinct sub-intents (e.g. short vs coffin, acrylic vs gel) or merge."
4,Spring Nails,10,COMPETITOR,1512,7 Short Spring Nail Ideas That Are Taking Over Your Feed,short-spring-nail-ideas,https://nailosmetic.com/short-spring-nail-ideas/,1458,2026-06-09,"DIFFERENTIATE OR CONSOLIDATE: Adjust H1s and focus keywords for distinct sub-intents (e.g. short vs coffin, acrylic vs gel) or merge."
4,Spring Nails,10,COMPETITOR,1669,7 Spring Nails 2026 Trends That Will Dominate Your Feed,spring-nails-2026-trends,https://nailosmetic.com/spring-nails-2026-trends/,1426,2026-06-17,"DIFFERENTIATE OR CONSOLIDATE: Adjust H1s and focus keywords for distinct sub-intents (e.g. short vs coffin, acrylic vs gel) or merge."
4,Spring Nails,10,COMPETITOR,884,7 Unforgettable Spring Nail Ideas 2026: The Luxury Editor’s Picks,spring-nail-ideas-2026,https://nailosmetic.com/spring-nail-ideas-2026/,1034,2026-05-09,"DIFFERENTIATE OR CONSOLIDATE: Adjust H1s and focus keywords for distinct sub-intents (e.g. short vs coffin, acrylic vs gel) or merge."
4,Spring Nails,10,COMPETITOR,1359,10 Ethereal Spring Nails 2026 Ideas You Need to Try,spring-nails-2026-ideas,https://nailosmetic.com/spring-nails-2026-ideas/,812,2026-05-31,"DIFFERENTIATE OR CONSOLIDATE: Adjust H1s and focus keywords for distinct sub-intents (e.g. short vs coffin, acrylic vs gel) or merge."
4,Spring Nails,10,COMPETITOR,195,30+ Chic Spring Nail Designs to Blossom Your Look,spring-nail-designs,https://nailosmetic.com/spring-nail-designs/,722,2026-04-13,"DIFFERENTIATE OR CONSOLIDATE: Adjust H1s and focus keywords for distinct sub-intents (e.g. short vs coffin, acrylic vs gel) or merge."
4,Spring Nails,10,COMPETITOR,345,25+ Chic Spring Nail Ideas to Elevate Your Manicure Game,spring-nail-ideas-chic,https://nailosmetic.com/spring-nail-ideas-chic/,621,2026-04-19,"DIFFERENTIATE OR CONSOLIDATE: Adjust H1s and focus keywords for distinct sub-intents (e.g. short vs coffin, acrylic vs gel) or merge."
4,Spring Nails,10,COMPETITOR,830,Spring Nail Secrets: 7 Gorgeous Ideas to Bloom Your Manicure This Season!,spring-nail-ideas,https://nailosmetic.com/spring-nail-ideas/,542,2026-05-07,"DIFFERENTIATE OR CONSOLIDATE: Adjust H1s and focus keywords for distinct sub-intents (e.g. short vs coffin, acrylic vs gel) or merge."
4,Spring Nails,10,COMPETITOR,53,25+ Stunning Spring Nail Designs You Will Obsess Over in 2026,spring-nail-designs-inspo,https://nailosmetic.com/spring-nail-designs-inspo/,401,2026-04-03,"DIFFERENTIATE OR CONSOLIDATE: Adjust H1s and focus keywords for distinct sub-intents (e.g. short vs coffin, acrylic vs gel) or merge."
5,Adaptive & Bio,9,PILLAR,1745,Bio-Adaptive Lighting Trends: Integrating Circadian-Sync Tech into Small Urban Gardens,bio-adaptive-lighting-urban-gardens,https://nailosmetic.com/bio-adaptive-lighting-urban-gardens/,2121,2026-06-22,"DIFFERENTIATE OR CONSOLIDATE: Adjust H1s and focus keywords for distinct sub-intents (e.g. short vs coffin, acrylic vs gel) or merge."
5,Adaptive & Bio,9,COMPETITOR,2302,Bio-Adaptive Color-Changing Nails: The 2027 Guide to Mood-Responsive Polish,bio-adaptive-color-changing-nails-guide,https://nailosmetic.com/bio-adaptive-color-changing-nails-guide/,2093,2026-07-22,"DIFFERENTIATE OR CONSOLIDATE: Adjust H1s and focus keywords for distinct sub-intents (e.g. short vs coffin, acrylic vs gel) or merge."
5,Adaptive & Bio,9,COMPETITOR,1537,Bio-Adaptive Hair Color: The 2027 Guide to pH-Responsive Salon Treatments,bio-adaptive-hair-color-ph-responsive,https://nailosmetic.com/bio-adaptive-hair-color-ph-responsive/,2070,2026-06-10,"DIFFERENTIATE OR CONSOLIDATE: Adjust H1s and focus keywords for distinct sub-intents (e.g. short vs coffin, acrylic vs gel) or merge."
5,Adaptive & Bio,9,COMPETITOR,907,Bio-Adaptive Gel Manicures: The 2027 Guide to Color-Changing Polish,bio-adaptive-gel-manicure-guide,https://nailosmetic.com/bio-adaptive-gel-manicure-guide/,2066,2026-05-10,"DIFFERENTIATE OR CONSOLIDATE: Adjust H1s and focus keywords for distinct sub-intents (e.g. short vs coffin, acrylic vs gel) or merge."
5,Adaptive & Bio,9,COMPETITOR,1873,Bio-Adaptive Manicures: The Rise of pH-Responsive Gel Polishes in 2027,bio-adaptive-ph-responsive-gel-manicures,https://nailosmetic.com/bio-adaptive-ph-responsive-gel-manicures/,2029,2026-06-28,"DIFFERENTIATE OR CONSOLIDATE: Adjust H1s and focus keywords for distinct sub-intents (e.g. short vs coffin, acrylic vs gel) or merge."
5,Adaptive & Bio,9,COMPETITOR,1651,Bio-Adaptive Manicures: The Rise of pH-Responsive Gel Polishes in 2027,bio-adaptive-ph-responsive-gel-manicure,https://nailosmetic.com/bio-adaptive-ph-responsive-gel-manicure/,2016,2026-06-16,"DIFFERENTIATE OR CONSOLIDATE: Adjust H1s and focus keywords for distinct sub-intents (e.g. short vs coffin, acrylic vs gel) or merge."
5,Adaptive & Bio,9,COMPETITOR,1233,Bio-Adaptive Manicures: The Rise of Nail Tech That Changes Color with UV Exposure,bio-adaptive-uv-reactive-manicures,https://nailosmetic.com/bio-adaptive-uv-reactive-manicures/,2011,2026-05-22,"DIFFERENTIATE OR CONSOLIDATE: Adjust H1s and focus keywords for distinct sub-intents (e.g. short vs coffin, acrylic vs gel) or merge."
5,Adaptive & Bio,9,COMPETITOR,1918,Bio-Adaptive Hair Color: The 2027 Guide to pH-Responsive Salon Tints,bio-adaptive-hair-color-ph-responsive-tints,https://nailosmetic.com/bio-adaptive-hair-color-ph-responsive-tints/,1979,2026-07-01,"DIFFERENTIATE OR CONSOLIDATE: Adjust H1s and focus keywords for distinct sub-intents (e.g. short vs coffin, acrylic vs gel) or merge."
5,Adaptive & Bio,9,COMPETITOR,1298,Bio-Adaptive Manicures: The Rise of Smart Nails in 2027,bio-adaptive-smart-nails-2027,https://nailosmetic.com/bio-adaptive-smart-nails-2027/,1951,2026-05-25,"DIFFERENTIATE OR CONSOLIDATE: Adjust H1s and focus keywords for distinct sub-intents (e.g. short vs coffin, acrylic vs gel) or merge."
6,Pedicure & Toe Nails,6,PILLAR,3239,Fall Pedicures,fall-pedicures,https://nailosmetic.com/fall-pedicures/,5178,2026-09-14,"DIFFERENTIATE OR CONSOLIDATE: Adjust H1s and focus keywords for distinct sub-intents (e.g. short vs coffin, acrylic vs gel) or merge."
6,Pedicure & Toe Nails,6,COMPETITOR,2948,Fall Pedicure Ideas,fall-pedicure-ideas,https://nailosmetic.com/fall-pedicure-ideas/,4086,2026-08-30,"DIFFERENTIATE OR CONSOLIDATE: Adjust H1s and focus keywords for distinct sub-intents (e.g. short vs coffin, acrylic vs gel) or merge."
6,Pedicure & Toe Nails,6,COMPETITOR,2600,7 Luxurious Toe Nail Designs for Your Next Pedicure,best-toe-nail-designs,https://nailosmetic.com/best-toe-nail-designs/,1940,2026-08-10,"DIFFERENTIATE OR CONSOLIDATE: Adjust H1s and focus keywords for distinct sub-intents (e.g. short vs coffin, acrylic vs gel) or merge."
6,Pedicure & Toe Nails,6,COMPETITOR,2447,10 Exquisite Pedicure Ideas to Elevate Your Foot Aesthetic This Season,best-pedicure-ideas,https://nailosmetic.com/best-pedicure-ideas/,1770,2026-07-31,"DIFFERENTIATE OR CONSOLIDATE: Adjust H1s and focus keywords for distinct sub-intents (e.g. short vs coffin, acrylic vs gel) or merge."
6,Pedicure & Toe Nails,6,COMPETITOR,2438,10 Chic White Toes Pedicure Ideas for Every Aesthetic,white-toes-pedicure-ideas,https://nailosmetic.com/white-toes-pedicure-ideas/,1766,2026-07-31,"DIFFERENTIATE OR CONSOLIDATE: Adjust H1s and focus keywords for distinct sub-intents (e.g. short vs coffin, acrylic vs gel) or merge."
6,Pedicure & Toe Nails,6,COMPETITOR,1835,7 Stunning 4th of July Pedicure Ideas to Elevate Your Summer Style,4th-of-july-pedicure,https://nailosmetic.com/4th-of-july-pedicure/,1538,2026-06-26,"DIFFERENTIATE OR CONSOLIDATE: Adjust H1s and focus keywords for distinct sub-intents (e.g. short vs coffin, acrylic vs gel) or merge."
7,Autumn & Nail,6,PILLAR,3123,Fall Themed Nails Simple,fall-themed-nails-simple,https://nailosmetic.com/fall-themed-nails-simple/,5055,2026-09-08,"DIFFERENTIATE OR CONSOLIDATE: Adjust H1s and focus keywords for distinct sub-intents (e.g. short vs coffin, acrylic vs gel) or merge."
7,Autumn & Nail,6,COMPETITOR,2904,Transition Nails Summer to Fall,transition-nails-summer-to-fall,https://nailosmetic.com/transition-nails-summer-to-fall/,4986,2026-08-28,"DIFFERENTIATE OR CONSOLIDATE: Adjust H1s and focus keywords for distinct sub-intents (e.g. short vs coffin, acrylic vs gel) or merge."
7,Autumn & Nail,6,COMPETITOR,3186,Cute Nails for Fall,cute-nails-for-fall,https://nailosmetic.com/cute-nails-for-fall/,4907,2026-09-11,"DIFFERENTIATE OR CONSOLIDATE: Adjust H1s and focus keywords for distinct sub-intents (e.g. short vs coffin, acrylic vs gel) or merge."
7,Autumn & Nail,6,COMPETITOR,3261,Fall Sunflower Nails,fall-sunflower-nails,https://nailosmetic.com/fall-sunflower-nails/,4883,2026-09-15,"DIFFERENTIATE OR CONSOLIDATE: Adjust H1s and focus keywords for distinct sub-intents (e.g. short vs coffin, acrylic vs gel) or merge."
7,Autumn & Nail,6,COMPETITOR,3030,Fall Pink Nails,fall-pink-nails,https://nailosmetic.com/fall-pink-nails/,4102,2026-09-04,"DIFFERENTIATE OR CONSOLIDATE: Adjust H1s and focus keywords for distinct sub-intents (e.g. short vs coffin, acrylic vs gel) or merge."
7,Autumn & Nail,6,COMPETITOR,2528,15 Chic Nail Ideas Fall 2026: The Ultimate Seasonal Trend Report,nail-ideas-fall,https://nailosmetic.com/nail-ideas-fall/,1925,2026-08-05,"DIFFERENTIATE OR CONSOLIDATE: Adjust H1s and focus keywords for distinct sub-intents (e.g. short vs coffin, acrylic vs gel) or merge."
8,French Tip Nails,5,PILLAR,3228,Fall French Tip,fall-french-tip,https://nailosmetic.com/fall-french-tip/,4021,2026-09-13,301 REDIRECT THIN POSTS: Thin competitor posts (<350 words) should be 301-redirected to the primary pillar.
8,French Tip Nails,5,COMPETITOR,1350,10 French Tip Nail Designs That Will Define Your Aesthetic This Year,french-tip-nail-designs,https://nailosmetic.com/french-tip-nail-designs/,1511,2026-05-30,301 REDIRECT THIN POSTS: Thin competitor posts (<350 words) should be 301-redirected to the primary pillar.
8,French Tip Nails,5,COMPETITOR,1720,7 Viral 4th of July Nails French Tip Designs You Need to Try,4th-of-july-nails-french-tip,https://nailosmetic.com/4th-of-july-nails-french-tip/,1508,2026-06-21,301 REDIRECT THIN POSTS: Thin competitor posts (<350 words) should be 301-redirected to the primary pillar.
8,French Tip Nails,5,COMPETITOR,112,15 Creative 3D Nail Art Ideas and Modern French Tips,creative-3d-aesthetic-nail-art,https://nailosmetic.com/creative-3d-aesthetic-nail-art/,445,2026-04-03,301 REDIRECT THIN POSTS: Thin competitor posts (<350 words) should be 301-redirected to the primary pillar.
8,French Tip Nails,5,COMPETITOR,765,7 Irresistible Spring French Nail Ideas for a Fresh Bloom,spring-nails-french-ideas,https://nailosmetic.com/spring-nails-french-ideas/,259,2026-05-03,301 REDIRECT THIN POSTS: Thin competitor posts (<350 words) should be 301-redirected to the primary pillar.
9,Game Day & Sports Outfits,5,PILLAR,1332,7 Genius Style Hacks for the Perfect Cold Baseball Game Outfit,cold-baseball-game-outfit,https://nailosmetic.com/cold-baseball-game-outfit/,1569,2026-05-29,"DIFFERENTIATE OR CONSOLIDATE: Adjust H1s and focus keywords for distinct sub-intents (e.g. short vs coffin, acrylic vs gel) or merge."
9,Game Day & Sports Outfits,5,COMPETITOR,1781,7 Viral Mexico Game Outfit Women Ideas to Slay the Stadium,mexico-game-outfit-women,https://nailosmetic.com/mexico-game-outfit-women/,1470,2026-06-24,"DIFFERENTIATE OR CONSOLIDATE: Adjust H1s and focus keywords for distinct sub-intents (e.g. short vs coffin, acrylic vs gel) or merge."
9,Game Day & Sports Outfits,5,COMPETITOR,1452,7 Chic Ways to Master the Ultimate Cubs Game Outfit for Women,cubs-game-outfit-women,https://nailosmetic.com/cubs-game-outfit-women/,1452,2026-06-06,"DIFFERENTIATE OR CONSOLIDATE: Adjust H1s and focus keywords for distinct sub-intents (e.g. short vs coffin, acrylic vs gel) or merge."
9,Game Day & Sports Outfits,5,COMPETITOR,796,Score Big Style: 7 Must-Have Baseball Game Outfit Ideas You’ll Love!,baseball-game-outfit,https://nailosmetic.com/baseball-game-outfit/,586,2026-05-05,"DIFFERENTIATE OR CONSOLIDATE: Adjust H1s and focus keywords for distinct sub-intents (e.g. short vs coffin, acrylic vs gel) or merge."
9,Game Day & Sports Outfits,5,COMPETITOR,778,Score Big on Style: Your Ultimate Texas Rangers Game Outfit Guide,texas-rangers-outfit-guide,https://nailosmetic.com/texas-rangers-outfit-guide/,554,2026-05-04,"DIFFERENTIATE OR CONSOLIDATE: Adjust H1s and focus keywords for distinct sub-intents (e.g. short vs coffin, acrylic vs gel) or merge."
10,Summer Nails & Pedicures,5,PILLAR,2654,10 Chic End of Summer Nails Ideas to Transition Into Autumn,end-of-summer-nails-ideas,https://nailosmetic.com/end-of-summer-nails-ideas/,1978,2026-08-13,"DIFFERENTIATE OR CONSOLIDATE: Adjust H1s and focus keywords for distinct sub-intents (e.g. short vs coffin, acrylic vs gel) or merge."
10,Summer Nails & Pedicures,5,COMPETITOR,2582,Simple Summer Nails: 7 Effortless Designs for Sunny Days,simple-summer-nails,https://nailosmetic.com/simple-summer-nails/,1962,2026-08-09,"DIFFERENTIATE OR CONSOLIDATE: Adjust H1s and focus keywords for distinct sub-intents (e.g. short vs coffin, acrylic vs gel) or merge."
10,Summer Nails & Pedicures,5,COMPETITOR,2270,7 Late Summer Nails That Are Defining The End Of The Season,late-summer-nails-trends,https://nailosmetic.com/late-summer-nails-trends/,1935,2026-07-19,"DIFFERENTIATE OR CONSOLIDATE: Adjust H1s and focus keywords for distinct sub-intents (e.g. short vs coffin, acrylic vs gel) or merge."
10,Summer Nails & Pedicures,5,COMPETITOR,2501,Summer Nails 2026: The Ultimate Guide to This Season’s Hottest Manicures,summer-nails-2026,https://nailosmetic.com/summer-nails-2026/,1813,2026-08-03,"DIFFERENTIATE OR CONSOLIDATE: Adjust H1s and focus keywords for distinct sub-intents (e.g. short vs coffin, acrylic vs gel) or merge."
10,Summer Nails & Pedicures,5,COMPETITOR,693,25+ Dazzling Summer Toe Nail Designs for Your Perfect Pedicure,summer-toe-nails-designs,https://nailosmetic.com/summer-toe-nails-designs/,578,2026-04-29,"DIFFERENTIATE OR CONSOLIDATE: Adjust H1s and focus keywords for distinct sub-intents (e.g. short vs coffin, acrylic vs gel) or merge."
11,Bio & Extension,5,PILLAR,1314,Bio-Synthetic Hair Integration: The 2027 Guide to Hybrid Hair Extensions,bio-synthetic-hybrid-hair-extensions-guide,https://nailosmetic.com/bio-synthetic-hybrid-hair-extensions-guide/,2327,2026-05-28,"DIFFERENTIATE OR CONSOLIDATE: Adjust H1s and focus keywords for distinct sub-intents (e.g. short vs coffin, acrylic vs gel) or merge."
11,Bio & Extension,5,COMPETITOR,1702,The Rise of Bio-Synthetic Hybrid Hair Extensions: A 2026-2027 Guide,bio-synthetic-hybrid-hair-extensions-guide-3,https://nailosmetic.com/bio-synthetic-hybrid-hair-extensions-guide-3/,2066,2026-06-19,"DIFFERENTIATE OR CONSOLIDATE: Adjust H1s and focus keywords for distinct sub-intents (e.g. short vs coffin, acrylic vs gel) or merge."
11,Bio & Extension,5,COMPETITOR,2030,The Rise of Bio-Synthetic Hybrid Extensions: A 2027 Guide to Texture Matching,bio-synthetic-hybrid-hair-extensions,https://nailosmetic.com/bio-synthetic-hybrid-hair-extensions/,2008,2026-07-07,"DIFFERENTIATE OR CONSOLIDATE: Adjust H1s and focus keywords for distinct sub-intents (e.g. short vs coffin, acrylic vs gel) or merge."
11,Bio & Extension,5,COMPETITOR,1364,The Rise of Bio-Synthetic Hybrid Hair Extensions: A 2027 Styling Guide,bio-synthetic-hybrid-hair-extensions-guide-2,https://nailosmetic.com/bio-synthetic-hybrid-hair-extensions-guide-2/,2007,2026-05-31,"DIFFERENTIATE OR CONSOLIDATE: Adjust H1s and focus keywords for distinct sub-intents (e.g. short vs coffin, acrylic vs gel) or merge."
11,Bio & Extension,5,COMPETITOR,1389,Bio-Synthetic Fusion Extensions: The 2027 Guide to Hybrid Hair Textures,bio-synthetic-fusion-extensions-guide,https://nailosmetic.com/bio-synthetic-fusion-extensions-guide/,1918,2026-06-01,"DIFFERENTIATE OR CONSOLIDATE: Adjust H1s and focus keywords for distinct sub-intents (e.g. short vs coffin, acrylic vs gel) or merge."
12,4th & July,5,PILLAR,1754,7 Viral 4th of July Nails Simple Ideas That Look Expensive,4th-of-july-nails-simple,https://nailosmetic.com/4th-of-july-nails-simple/,1670,2026-06-22,"DIFFERENTIATE OR CONSOLIDATE: Adjust H1s and focus keywords for distinct sub-intents (e.g. short vs coffin, acrylic vs gel) or merge."
12,4th & July,5,COMPETITOR,1937,7 Viral 4th of July Nails 2026 Looks You Need to Try,4th-of-july-nails-2026,https://nailosmetic.com/4th-of-july-nails-2026/,1635,2026-07-02,"DIFFERENTIATE OR CONSOLIDATE: Adjust H1s and focus keywords for distinct sub-intents (e.g. short vs coffin, acrylic vs gel) or merge."
12,4th & July,5,COMPETITOR,1980,7 Viral 4th of July Makeup Looks That Will Stop the Show,4th-of-july-makeup,https://nailosmetic.com/4th-of-july-makeup/,1464,2026-07-04,"DIFFERENTIATE OR CONSOLIDATE: Adjust H1s and focus keywords for distinct sub-intents (e.g. short vs coffin, acrylic vs gel) or merge."
12,4th & July,5,COMPETITOR,1866,7 Patriotic Perfection: The Most Viral 4th of July Toenail Designs of the Season,4th-of-july-toenail-designs,https://nailosmetic.com/4th-of-july-toenail-designs/,1444,2026-06-28,"DIFFERENTIATE OR CONSOLIDATE: Adjust H1s and focus keywords for distinct sub-intents (e.g. short vs coffin, acrylic vs gel) or merge."
12,4th & July,5,COMPETITOR,2039,7 Viral 4th of July Simple Nails Designs You Need to Try This Summer,4th-of-july-simple-nails,https://nailosmetic.com/4th-of-july-simple-nails/,1379,2026-07-07,"DIFFERENTIATE OR CONSOLIDATE: Adjust H1s and focus keywords for distinct sub-intents (e.g. short vs coffin, acrylic vs gel) or merge."
13,Clean & Girl,4,PILLAR,2591,The Ultimate Clean Girl Makeup Look for Everyday Office Success,clean-girl-makeup-office,https://nailosmetic.com/clean-girl-makeup-office/,1836,2026-08-09,"DIFFERENTIATE OR CONSOLIDATE: Adjust H1s and focus keywords for distinct sub-intents (e.g. short vs coffin, acrylic vs gel) or merge."
13,Clean & Girl,4,COMPETITOR,1278,7 Secrets to Perfecting the Viral Clean Girl Makeup Look,clean-girl-makeup-look,https://nailosmetic.com/clean-girl-makeup-look/,1424,2026-05-24,"DIFFERENTIATE OR CONSOLIDATE: Adjust H1s and focus keywords for distinct sub-intents (e.g. short vs coffin, acrylic vs gel) or merge."
13,Clean & Girl,4,COMPETITOR,249,10 Timeless Clean Girl Nail Looks for Effortless Chic,clean-girl-nail-looks,https://nailosmetic.com/clean-girl-nail-looks/,914,2026-04-16,"DIFFERENTIATE OR CONSOLIDATE: Adjust H1s and focus keywords for distinct sub-intents (e.g. short vs coffin, acrylic vs gel) or merge."
13,Clean & Girl,4,COMPETITOR,86,15 Minimalist “Clean Girl” Nail Designs for Everyday Wear,minimalist-clean-girl-nails,https://nailosmetic.com/minimalist-clean-girl-nails/,462,2026-04-03,"DIFFERENTIATE OR CONSOLIDATE: Adjust H1s and focus keywords for distinct sub-intents (e.g. short vs coffin, acrylic vs gel) or merge."
14,Bob & Shaggy Haircuts,4,PILLAR,2855,Shaggy Bob Haircut for 90s Aesthetic,shaggy-bob-haircut-for-90s-aesthetic,https://nailosmetic.com/shaggy-bob-haircut-for-90s-aesthetic/,5018,2026-08-25,"DIFFERENTIATE OR CONSOLIDATE: Adjust H1s and focus keywords for distinct sub-intents (e.g. short vs coffin, acrylic vs gel) or merge."
14,Bob & Shaggy Haircuts,4,COMPETITOR,420,25+ Shaggy Bob Haircut Ideas: Effortless Cool for Every Vibe,shaggy-bob-haircut-ideas,https://nailosmetic.com/shaggy-bob-haircut-ideas/,586,2026-04-20,"DIFFERENTIATE OR CONSOLIDATE: Adjust H1s and focus keywords for distinct sub-intents (e.g. short vs coffin, acrylic vs gel) or merge."
14,Bob & Shaggy Haircuts,4,COMPETITOR,726,5 Parisian-Chic French Bob Haircuts You Need to Try Now,french-bob-haircut-styles,https://nailosmetic.com/french-bob-haircut-styles/,584,2026-05-02,"DIFFERENTIATE OR CONSOLIDATE: Adjust H1s and focus keywords for distinct sub-intents (e.g. short vs coffin, acrylic vs gel) or merge."
14,Bob & Shaggy Haircuts,4,COMPETITOR,494,25+ Effortless Shaggy Bob Haircut Ideas to Revitalize Your Look,shaggy-bob-haircut-ideas-2,https://nailosmetic.com/shaggy-bob-haircut-ideas-2/,517,2026-04-21,"DIFFERENTIATE OR CONSOLIDATE: Adjust H1s and focus keywords for distinct sub-intents (e.g. short vs coffin, acrylic vs gel) or merge."
15,Homecoming (Hoco) Hairstyles,4,PILLAR,3415,Simple Hoco Hairstyles,simple-hoco-hairstyles,https://nailosmetic.com/simple-hoco-hairstyles/,6817,2026-09-24,"DIFFERENTIATE OR CONSOLIDATE: Adjust H1s and focus keywords for distinct sub-intents (e.g. short vs coffin, acrylic vs gel) or merge."
15,Homecoming (Hoco) Hairstyles,4,COMPETITOR,3471,Easy Homecoming Hairstyles,easy-homecoming-hairstyles,https://nailosmetic.com/easy-homecoming-hairstyles/,4378,2026-09-26,"DIFFERENTIATE OR CONSOLIDATE: Adjust H1s and focus keywords for distinct sub-intents (e.g. short vs coffin, acrylic vs gel) or merge."
15,Homecoming (Hoco) Hairstyles,4,COMPETITOR,3434,Hair Styles for Hoco,hair-styles-for-hoco,https://nailosmetic.com/hair-styles-for-hoco/,4121,2026-09-25,"DIFFERENTIATE OR CONSOLIDATE: Adjust H1s and focus keywords for distinct sub-intents (e.g. short vs coffin, acrylic vs gel) or merge."
15,Homecoming (Hoco) Hairstyles,4,COMPETITOR,3385,Curly Hoco Hairstyles,curly-hoco-hairstyles,https://nailosmetic.com/curly-hoco-hairstyles/,4045,2026-09-21,"DIFFERENTIATE OR CONSOLIDATE: Adjust H1s and focus keywords for distinct sub-intents (e.g. short vs coffin, acrylic vs gel) or merge."
16,Curly Hair & Wash-and-Go,3,PILLAR,2762,Half Up Half Down Hairstyle for Curly Hair: 7 Chic Looks to Try Now,half-up-half-down-curly-hair,https://nailosmetic.com/half-up-half-down-curly-hair/,1926,2026-08-20,"DIFFERENTIATE OR CONSOLIDATE: Adjust H1s and focus keywords for distinct sub-intents (e.g. short vs coffin, acrylic vs gel) or merge."
16,Curly Hair & Wash-and-Go,3,COMPETITOR,321,15 Effortless Wash and Go Curly Hair Styles You Need to Try,wash-go-curly-hair-styles,https://nailosmetic.com/wash-go-curly-hair-styles/,847,2026-04-19,"DIFFERENTIATE OR CONSOLIDATE: Adjust H1s and focus keywords for distinct sub-intents (e.g. short vs coffin, acrylic vs gel) or merge."
16,Curly Hair & Wash-and-Go,3,COMPETITOR,937,5 Game-Changing Secrets to the Perfect Wash and Go Curly Hair,perfect-wash-and-go-curly-hair,https://nailosmetic.com/perfect-wash-and-go-curly-hair/,369,2026-05-13,"DIFFERENTIATE OR CONSOLIDATE: Adjust H1s and focus keywords for distinct sub-intents (e.g. short vs coffin, acrylic vs gel) or merge."
17,Art & Nail,3,PILLAR,1687,7 Viral Negative Space Nail Art Hacks You Need to Try,negative-space-nail-art,https://nailosmetic.com/negative-space-nail-art/,1737,2026-06-18,"DIFFERENTIATE OR CONSOLIDATE: Adjust H1s and focus keywords for distinct sub-intents (e.g. short vs coffin, acrylic vs gel) or merge."
17,Art & Nail,3,COMPETITOR,480,25+ Stunning Seashell Nail Art Ideas to Transport You to Paradise,seashell-nail-art-ideas,https://nailosmetic.com/seashell-nail-art-ideas/,527,2026-04-21,"DIFFERENTIATE OR CONSOLIDATE: Adjust H1s and focus keywords for distinct sub-intents (e.g. short vs coffin, acrylic vs gel) or merge."
17,Art & Nail,3,COMPETITOR,922,7 Viral 3D Nail Art Designs You Need to Try This Season,3d-nail-art-designs,https://nailosmetic.com/3d-nail-art-designs/,373,2026-05-11,"DIFFERENTIATE OR CONSOLIDATE: Adjust H1s and focus keywords for distinct sub-intents (e.g. short vs coffin, acrylic vs gel) or merge."
18,Prom Nails,3,PILLAR,851,7 Prom Nail Designs You *Need* To See Before The Big Night,prom-nail-designs-guide,https://nailosmetic.com/prom-nail-designs-guide/,834,2026-05-08,"DIFFERENTIATE OR CONSOLIDATE: Adjust H1s and focus keywords for distinct sub-intents (e.g. short vs coffin, acrylic vs gel) or merge."
18,Prom Nails,3,COMPETITOR,629,25+ Dreamy White Prom Nails Ideas to Shine on Your Big Night,prom-nails-white-ideas,https://nailosmetic.com/prom-nails-white-ideas/,732,2026-04-26,"DIFFERENTIATE OR CONSOLIDATE: Adjust H1s and focus keywords for distinct sub-intents (e.g. short vs coffin, acrylic vs gel) or merge."
18,Prom Nails,3,COMPETITOR,815,10 Dazzling White Prom Nail Ideas: Your Ultimate Fairytale Finish!,white-prom-nails,https://nailosmetic.com/white-prom-nails/,595,2026-05-06,"DIFFERENTIATE OR CONSOLIDATE: Adjust H1s and focus keywords for distinct sub-intents (e.g. short vs coffin, acrylic vs gel) or merge."
19,Art & Exquisite,3,PILLAR,234,"10 Exquisite Marble Nail Art Designs for a Timeless, Luxe Look",luxe-marble-nail-art,https://nailosmetic.com/luxe-marble-nail-art/,873,2026-04-15,"DIFFERENTIATE OR CONSOLIDATE: Adjust H1s and focus keywords for distinct sub-intents (e.g. short vs coffin, acrylic vs gel) or merge."
19,Art & Exquisite,3,COMPETITOR,226,20+ Exquisite Gel Nail Art Ideas to Elevate Your Manicure,gel-nail-art-ideas,https://nailosmetic.com/gel-nail-art-ideas/,773,2026-04-15,"DIFFERENTIATE OR CONSOLIDATE: Adjust H1s and focus keywords for distinct sub-intents (e.g. short vs coffin, acrylic vs gel) or merge."
19,Art & Exquisite,3,COMPETITOR,167,7 Exquisite Holiday Nail Art Designs to Elevate Your Festive Season,7-exquisite-holiday-nail-art-designs,https://nailosmetic.com/7-exquisite-holiday-nail-art-designs/,742,2026-04-12,"DIFFERENTIATE OR CONSOLIDATE: Adjust H1s and focus keywords for distinct sub-intents (e.g. short vs coffin, acrylic vs gel) or merge."
20,Chrome & Glazed Nails,3,PILLAR,1067,"Chrome Nails: The Complete Guide to Every Chrome, Glazed & Mirror Finish (2026)",chrome-nails-complete-guide,https://nailosmetic.com/chrome-nails-complete-guide/,3578,2026-05-15,"DIFFERENTIATE OR CONSOLIDATE: Adjust H1s and focus keywords for distinct sub-intents (e.g. short vs coffin, acrylic vs gel) or merge."
20,Chrome & Glazed Nails,3,COMPETITOR,2771,Minimalist Chrome Nail Art: The Ultimate Everyday Chic Guide,minimalist-chrome-nail-art,https://nailosmetic.com/minimalist-chrome-nail-art/,1966,2026-08-21,"DIFFERENTIATE OR CONSOLIDATE: Adjust H1s and focus keywords for distinct sub-intents (e.g. short vs coffin, acrylic vs gel) or merge."
20,Chrome & Glazed Nails,3,COMPETITOR,1341,7 Viral Chrome Nail Designs to Elevate Your Aesthetic This Season,viral-chrome-nail-designs,https://nailosmetic.com/viral-chrome-nail-designs/,1573,2026-05-29,"DIFFERENTIATE OR CONSOLIDATE: Adjust H1s and focus keywords for distinct sub-intents (e.g. short vs coffin, acrylic vs gel) or merge."
21,Balcony & Biophilic,3,PILLAR,2261,Biophilic Modular Garden Walls: The DIY Guide for Small Urban Balconies (2026 Edition),biophilic-modular-garden-walls-urban-balcony,https://nailosmetic.com/biophilic-modular-garden-walls-urban-balcony/,2129,2026-07-19,"DIFFERENTIATE OR CONSOLIDATE: Adjust H1s and focus keywords for distinct sub-intents (e.g. short vs coffin, acrylic vs gel) or merge."
21,Balcony & Biophilic,3,COMPETITOR,2092,Biophilic Modular Garden Walls: DIY Systems for Small Urban Balconies,biophilic-modular-garden-walls-diy-urban-balcony,https://nailosmetic.com/biophilic-modular-garden-walls-diy-urban-balcony/,2095,2026-07-10,"DIFFERENTIATE OR CONSOLIDATE: Adjust H1s and focus keywords for distinct sub-intents (e.g. short vs coffin, acrylic vs gel) or merge."
21,Balcony & Biophilic,3,COMPETITOR,2155,Biophilic Modular Balconies: Transforming Small Urban Spaces for 2027,biophilic-modular-balconies-urban-transformation,https://nailosmetic.com/biophilic-modular-balconies-urban-transformation/,2021,2026-07-13,"DIFFERENTIATE OR CONSOLIDATE: Adjust H1s and focus keywords for distinct sub-intents (e.g. short vs coffin, acrylic vs gel) or merge."
22,Front Yard & Curb Appeal Landscaping,2,PILLAR,1076,7 Viral Flower Bed Ideas in Front of House That Will Boost Curb Appeal Instantly,flower-bed-ideas-front-house,https://nailosmetic.com/flower-bed-ideas-front-house/,1492,2026-05-15,301 REDIRECT THIN POSTS: Thin competitor posts (<350 words) should be 301-redirected to the primary pillar.
22,Front Yard & Curb Appeal Landscaping,2,COMPETITOR,597,15+ Stunning Front Yard Landscaping Ideas to Boost Your Home’s Curb Appeal,front-yard-landscaping-ideas,https://nailosmetic.com/front-yard-landscaping-ideas/,284,2026-04-26,301 REDIRECT THIN POSTS: Thin competitor posts (<350 words) should be 301-redirected to the primary pillar.
23,Decor & Home,2,PILLAR,1139,Home Decor Ideas: The Ultimate Room-by-Room Style Guide for 2026,home-decor-ideas-ultimate-guide,https://nailosmetic.com/home-decor-ideas-ultimate-guide/,3558,2026-05-18,"DIFFERENTIATE OR CONSOLIDATE: Adjust H1s and focus keywords for distinct sub-intents (e.g. short vs coffin, acrylic vs gel) or merge."
23,Decor & Home,2,COMPETITOR,637,25+ Chic Light Pink Home Decor Ideas to Elevate Your Space,light-pink-decor-ideas,https://nailosmetic.com/light-pink-decor-ideas/,586,2026-04-27,"DIFFERENTIATE OR CONSOLIDATE: Adjust H1s and focus keywords for distinct sub-intents (e.g. short vs coffin, acrylic vs gel) or merge."
24,Outfit & Spring,2,PILLAR,1546,7 Viral Hacks for Easy Spring Outfits That Look Expensive,easy-spring-outfits,https://nailosmetic.com/easy-spring-outfits/,1413,2026-06-10,"DIFFERENTIATE OR CONSOLIDATE: Adjust H1s and focus keywords for distinct sub-intents (e.g. short vs coffin, acrylic vs gel) or merge."
24,Outfit & Spring,2,COMPETITOR,891,7 Chic Spring Outfits for Women You Need to Try This Season,chic-spring-outfits-women,https://nailosmetic.com/chic-spring-outfits-women/,614,2026-05-10,"DIFFERENTIATE OR CONSOLIDATE: Adjust H1s and focus keywords for distinct sub-intents (e.g. short vs coffin, acrylic vs gel) or merge."
25,Bathroom & Brilliant,2,PILLAR,708,15 Brilliant Small Bathroom Ideas to Maximize Your Space,small-bathroom-ideas,https://nailosmetic.com/small-bathroom-ideas/,691,2026-05-01,"DIFFERENTIATE OR CONSOLIDATE: Adjust H1s and focus keywords for distinct sub-intents (e.g. short vs coffin, acrylic vs gel) or merge."
25,Bathroom & Brilliant,2,COMPETITOR,530,20+ Brilliant Small Bathroom Makeover Ideas for a Big Impact,small-bathroom-makeover-ideas,https://nailosmetic.com/small-bathroom-makeover-ideas/,651,2026-04-23,"DIFFERENTIATE OR CONSOLIDATE: Adjust H1s and focus keywords for distinct sub-intents (e.g. short vs coffin, acrylic vs gel) or merge."
26,Almond Nails,2,PILLAR,3218,Cute Fall Almond Nails,cute-fall-almond-nails,https://nailosmetic.com/cute-fall-almond-nails/,4121,2026-09-13,"DIFFERENTIATE OR CONSOLIDATE: Adjust H1s and focus keywords for distinct sub-intents (e.g. short vs coffin, acrylic vs gel) or merge."
26,Almond Nails,2,COMPETITOR,241,10 Exquisite Almond Nail Art Designs for a Luxe Manicure,almond-nail-art-designs,https://nailosmetic.com/almond-nail-art-designs/,660,2026-04-16,"DIFFERENTIATE OR CONSOLIDATE: Adjust H1s and focus keywords for distinct sub-intents (e.g. short vs coffin, acrylic vs gel) or merge."
27,Art & Beach,2,PILLAR,1323,7 Beach Nail Art Designs That Are Trending This Summer,beach-nail-art-trends,https://nailosmetic.com/beach-nail-art-trends/,1435,2026-05-28,"DIFFERENTIATE OR CONSOLIDATE: Adjust H1s and focus keywords for distinct sub-intents (e.g. short vs coffin, acrylic vs gel) or merge."
27,Art & Beach,2,COMPETITOR,537,15+ Chic Beach Nail Art Ideas for Your Luxurious Summer Getaway,chic-beach-nail-art,https://nailosmetic.com/chic-beach-nail-art/,876,2026-04-23,"DIFFERENTIATE OR CONSOLIDATE: Adjust H1s and focus keywords for distinct sub-intents (e.g. short vs coffin, acrylic vs gel) or merge."
28,Halloween Nails,2,PILLAR,3423,Trendy Halloween Nails,trendy-halloween-nails,https://nailosmetic.com/trendy-halloween-nails/,4239,2026-09-24,"DIFFERENTIATE OR CONSOLIDATE: Adjust H1s and focus keywords for distinct sub-intents (e.g. short vs coffin, acrylic vs gel) or merge."
28,Halloween Nails,2,COMPETITOR,2311,15 Eerie & Elegant Halloween Nail Ideas to Elevate Your Spooky Season Style,halloween-nail-ideas,https://nailosmetic.com/halloween-nail-ideas/,2001,2026-07-22,"DIFFERENTIATE OR CONSOLIDATE: Adjust H1s and focus keywords for distinct sub-intents (e.g. short vs coffin, acrylic vs gel) or merge."
29,Feed & Nail,2,PILLAR,1099,7 Viral Pearl Nail Designs That Are Taking Over Your Feed,pearl-nail-designs-trends,https://nailosmetic.com/pearl-nail-designs-trends/,1571,2026-05-16,"DIFFERENTIATE OR CONSOLIDATE: Adjust H1s and focus keywords for distinct sub-intents (e.g. short vs coffin, acrylic vs gel) or merge."
29,Feed & Nail,2,COMPETITOR,1494,7 Sizzling Snake Nail Designs That Are Taking Over Your Feed,best-snake-nail-designs,https://nailosmetic.com/best-snake-nail-designs/,1562,2026-06-08,"DIFFERENTIATE OR CONSOLIDATE: Adjust H1s and focus keywords for distinct sub-intents (e.g. short vs coffin, acrylic vs gel) or merge."
30,August & Late,2,PILLAR,2618,15 Chic & Simple August Nails to Elevate Your Late Summer Aesthetic,simple-august-nails,https://nailosmetic.com/simple-august-nails/,1848,2026-08-11,"DIFFERENTIATE OR CONSOLIDATE: Adjust H1s and focus keywords for distinct sub-intents (e.g. short vs coffin, acrylic vs gel) or merge."
30,August & Late,2,COMPETITOR,2483,10 Trendy Nails for August: The Ultimate Guide to Late Summer Manicures,nails-for-august,https://nailosmetic.com/nails-for-august/,1828,2026-08-02,"DIFFERENTIATE OR CONSOLIDATE: Adjust H1s and focus keywords for distinct sub-intents (e.g. short vs coffin, acrylic vs gel) or merge."
31,Aura Nails,2,PILLAR,3198,Fall Aura Nails,fall-aura-nails,https://nailosmetic.com/fall-aura-nails/,4488,2026-09-12,"DIFFERENTIATE OR CONSOLIDATE: Adjust H1s and focus keywords for distinct sub-intents (e.g. short vs coffin, acrylic vs gel) or merge."
31,Aura Nails,2,COMPETITOR,1582,7 Viral Aura Nail Art Ideas That Will Elevate Your Manicure Game,aura-nail-art-ideas,https://nailosmetic.com/aura-nail-art-ideas/,1511,2026-06-12,"DIFFERENTIATE OR CONSOLIDATE: Adjust H1s and focus keywords for distinct sub-intents (e.g. short vs coffin, acrylic vs gel) or merge."
32,Feed & July,2,PILLAR,1946,7 Viral July 4 Nails Ideas That Are Taking Over Your Feed,july-4-nails-ideas,https://nailosmetic.com/july-4-nails-ideas/,1550,2026-07-02,"DIFFERENTIATE OR CONSOLIDATE: Adjust H1s and focus keywords for distinct sub-intents (e.g. short vs coffin, acrylic vs gel) or merge."
32,Feed & July,2,COMPETITOR,1902,7 July Nails Ideas That Are Taking Over Your Feed This Summer,july-nails-ideas,https://nailosmetic.com/july-nails-ideas/,1454,2026-06-30,"DIFFERENTIATE OR CONSOLIDATE: Adjust H1s and focus keywords for distinct sub-intents (e.g. short vs coffin, acrylic vs gel) or merge."
33,4th & Hair,2,PILLAR,1928,7 Patriotic 4th of July Hairstyles for Kids That Will Steal the Show,4th-of-july-hairstyles-kids,https://nailosmetic.com/4th-of-july-hairstyles-kids/,1645,2026-07-01,"DIFFERENTIATE OR CONSOLIDATE: Adjust H1s and focus keywords for distinct sub-intents (e.g. short vs coffin, acrylic vs gel) or merge."
33,4th & Hair,2,COMPETITOR,2075,7 Viral 4th of July Hair Styles That Are Perfect for Summer,4th-of-july-hair-styles,https://nailosmetic.com/4th-of-july-hair-styles/,1467,2026-07-09,"DIFFERENTIATE OR CONSOLIDATE: Adjust H1s and focus keywords for distinct sub-intents (e.g. short vs coffin, acrylic vs gel) or merge."
34,Halloween Makeup,2,PILLAR,3144,Spooky Cute Skull Makeup Easy,spooky-cute-skull-makeup-easy,https://nailosmetic.com/spooky-cute-skull-makeup-easy/,4641,2026-09-09,"DIFFERENTIATE OR CONSOLIDATE: Adjust H1s and focus keywords for distinct sub-intents (e.g. short vs coffin, acrylic vs gel) or merge."
34,Halloween Makeup,2,COMPETITOR,3290,Creative Halloween Makeup 2026,creative-halloween-makeup-2026,https://nailosmetic.com/creative-halloween-makeup-2026/,4040,2026-09-17,"DIFFERENTIATE OR CONSOLIDATE: Adjust H1s and focus keywords for distinct sub-intents (e.g. short vs coffin, acrylic vs gel) or merge."
35,Pumpkin & Pumpkin Spice Nails,2,PILLAR,3447,Fall Pumpkin Nail Designs,fall-pumpkin-nail-designs,https://nailosmetic.com/fall-pumpkin-nail-designs/,4927,2026-09-25,"DIFFERENTIATE OR CONSOLIDATE: Adjust H1s and focus keywords for distinct sub-intents (e.g. short vs coffin, acrylic vs gel) or merge."
35,Pumpkin & Pumpkin Spice Nails,2,COMPETITOR,3332,Pumpkin Spice Nail Designs,pumpkin-spice-nail-designs,https://nailosmetic.com/pumpkin-spice-nail-designs/,4040,2026-09-19,"DIFFERENTIATE OR CONSOLIDATE: Adjust H1s and focus keywords for distinct sub-intents (e.g. short vs coffin, acrylic vs gel) or merge."
36,Homecoming (Hoco) Makeup,2,PILLAR,3363,Hoco Makeup Inspo,hoco-makeup-inspo,https://nailosmetic.com/hoco-makeup-inspo/,4254,2026-09-20,"DIFFERENTIATE OR CONSOLIDATE: Adjust H1s and focus keywords for distinct sub-intents (e.g. short vs coffin, acrylic vs gel) or merge."
36,Homecoming (Hoco) Makeup,2,COMPETITOR,3393,Hoco Makeup Tutorial,hoco-makeup-tutorial,https://nailosmetic.com/hoco-makeup-tutorial/,4047,2026-09-22,"DIFFERENTIATE OR CONSOLIDATE: Adjust H1s and focus keywords for distinct sub-intents (e.g. short vs coffin, acrylic vs gel) or merge."
