timestamp,post_id,post_title,old_url,new_url,status
2026-09-29 09:56:49,3501,bunny makeup look for halloween,https://nailosmetic.com/easy-homecoming-hairstyles/,https://nailosmetic.com/simple-hoco-hairstyles/,DRY-RUN
2026-09-29 09:56:49,3501,bunny makeup look for halloween,https://nailosmetic.com/hair-styles-for-hoco/,https://nailosmetic.com/simple-hoco-hairstyles/,DRY-RUN
2026-09-29 09:56:49,3471,Easy Homecoming Hairstyles,https://nailosmetic.com/hair-styles-for-hoco/,https://nailosmetic.com/simple-hoco-hairstyles/,DRY-RUN
2026-09-29 09:56:49,3376,September Fall Nails,https://nailosmetic.com/pumpkin-spice-nail-designs/,https://nailosmetic.com/fall-pumpkin-nail-designs/,DRY-RUN
2026-09-29 09:56:49,3343,Fall Nail Inspo Brown,https://nailosmetic.com/pumpkin-spice-nail-designs/,https://nailosmetic.com/fall-pumpkin-nail-designs/,DRY-RUN
2026-09-29 09:56:49,3343,Fall Nail Inspo Brown,https://nailosmetic.com/fall-nails-brown-chrome/,https://nailosmetic.com/fall-nail-inspo-brown/,DRY-RUN
2026-09-29 09:56:49,3332,Pumpkin Spice Nail Designs,https://nailosmetic.com/early-autumn-nails/,https://nailosmetic.com/fall-nails-inspo-2026/,DRY-RUN
2026-09-29 09:56:49,3332,Pumpkin Spice Nail Designs,https://nailosmetic.com/fall-nails-brown-chrome/,https://nailosmetic.com/fall-nail-inspo-brown/,DRY-RUN
2026-09-29 09:56:49,3322,Fall Nails Brown Chrome,https://nailosmetic.com/early-autumn-nails/,https://nailosmetic.com/fall-nails-inspo-2026/,DRY-RUN
2026-09-29 09:56:49,2969,September Nail Designs,https://nailosmetic.com/fall-pedicure-ideas/,https://nailosmetic.com/fall-pedicures/,DRY-RUN
2026-09-29 09:56:49,2958,Nail Inspo September,https://nailosmetic.com/fall-pedicure-ideas/,https://nailosmetic.com/fall-pedicures/,DRY-RUN
2026-09-29 09:56:49,2636,10 Chic Fall Mantle Decor Ideas to Elevate Your Living Room Aesthetic,https://nailosmetic.com/biophilic-modular-garden-walls-urban-balcony/,https://nailosmetic.com/biophilic-modular-garden-walls-diy-urban-balcony/,DRY-RUN
2026-09-29 09:56:49,2537,15 Simple Fall Nails That Are Defining Autumn Elegance,https://nailosmetic.com/nail-ideas-fall/,https://nailosmetic.com/fall-themed-nails-simple/,DRY-RUN
2026-09-29 09:56:49,2320,Striped Nails: 7 Chic Designs You Need to Try for Your Next Manicure,https://nailosmetic.com/halloween-nail-ideas/,https://nailosmetic.com/trendy-halloween-nails/,DRY-RUN
2026-09-29 09:56:49,1902,7 July Nails Ideas That Are Taking Over Your Feed This Summer,https://nailosmetic.com/bio-adaptive-ph-responsive-gel-manicures/,https://nailosmetic.com/bio-adaptive-ph-responsive-gel-manicure/,DRY-RUN
2026-09-29 09:56:49,1891,7 Explosive Firework Nails Designs That Are Taking Over Your Feed,https://nailosmetic.com/bio-adaptive-ph-responsive-gel-manicures/,https://nailosmetic.com/bio-adaptive-ph-responsive-gel-manicure/,DRY-RUN
2026-09-29 09:56:49,1844,7 Viral 4th of July Hair Ideas That Will Own the Fireworks Show,https://nailosmetic.com/bio-synthetic-hybrid-hair-extensions-guide-3/,https://nailosmetic.com/bio-synthetic-hybrid-hair-extensions-guide-2/,DRY-RUN
2026-09-29 09:56:49,1817,7 Fourth of July Hairstyles That Will Dominate Your Summer Feed,https://nailosmetic.com/bio-synthetic-hybrid-hair-extensions-guide-3/,https://nailosmetic.com/bio-synthetic-hybrid-hair-extensions-guide-2/,DRY-RUN
2026-09-29 09:56:49,1772,7 Viral Short Fourth of July Nails That Look Expensive,https://nailosmetic.com/4th-of-july-nails-french-tip/,https://nailosmetic.com/french-tip-nail-designs/,DRY-RUN
2026-09-29 09:56:49,1754,7 Viral 4th of July Nails Simple Ideas That Look Expensive,https://nailosmetic.com/4th-of-july-nails-french-tip/,https://nailosmetic.com/french-tip-nail-designs/,DRY-RUN
2026-09-29 09:56:49,1160,7 Cozy Living Room Ideas That Will Instantly Upgrade Your Home,https://nailosmetic.com/small-bathroom-makeover-ideas/,https://nailosmetic.com/small-bathroom-ideas/,DRY-RUN
2026-09-29 09:56:49,1139,Home Decor Ideas: The Ultimate Room-by-Room Style Guide for 2026,https://nailosmetic.com/front-yard-landscaping-ideas/,https://nailosmetic.com/flower-bed-ideas-front-house/,DRY-RUN
2026-09-29 09:56:49,1139,Home Decor Ideas: The Ultimate Room-by-Room Style Guide for 2026,https://nailosmetic.com/front-yard-landscaping-ideas/,https://nailosmetic.com/flower-bed-ideas-front-house/,DRY-RUN
2026-09-29 09:56:49,1139,Home Decor Ideas: The Ultimate Room-by-Room Style Guide for 2026,https://nailosmetic.com/front-yard-landscaping-ideas/,https://nailosmetic.com/flower-bed-ideas-front-house/,DRY-RUN
2026-09-29 09:56:49,1139,Home Decor Ideas: The Ultimate Room-by-Room Style Guide for 2026,https://nailosmetic.com/small-bathroom-makeover-ideas/,https://nailosmetic.com/small-bathroom-ideas/,DRY-RUN
2026-09-29 09:56:49,1139,Home Decor Ideas: The Ultimate Room-by-Room Style Guide for 2026,https://nailosmetic.com/small-bathroom-makeover-ideas/,https://nailosmetic.com/small-bathroom-ideas/,DRY-RUN
2026-09-29 09:56:49,1139,Home Decor Ideas: The Ultimate Room-by-Room Style Guide for 2026,https://nailosmetic.com/small-bathroom-makeover-ideas/,https://nailosmetic.com/small-bathroom-ideas/,DRY-RUN
2026-09-29 09:56:49,1125,9 Viral Back to School Nail Art Trends to Ace Your Semester Style,https://nailosmetic.com/spring-nails-french-ideas/,https://nailosmetic.com/french-tip-nail-designs/,DRY-RUN
2026-09-29 09:56:49,1113,7 Viral Secrets to Mastering the All White Bedroom Aesthetic,https://nailosmetic.com/small-bathroom-makeover-ideas/,https://nailosmetic.com/small-bathroom-ideas/,DRY-RUN
2026-09-29 09:56:49,1036,"The Ultimate Guide to Nail Art Designs: Every Style, Trend & Technique for 2026",https://nailosmetic.com/minimalist-clean-girl-nails/,https://nailosmetic.com/clean-girl-nail-looks/,DRY-RUN
2026-09-29 09:56:49,1036,"The Ultimate Guide to Nail Art Designs: Every Style, Trend & Technique for 2026",https://nailosmetic.com/minimalist-clean-girl-nails/,https://nailosmetic.com/clean-girl-nail-looks/,DRY-RUN
2026-09-29 09:56:49,1036,"The Ultimate Guide to Nail Art Designs: Every Style, Trend & Technique for 2026",https://nailosmetic.com/minimalist-clean-girl-nails/,https://nailosmetic.com/clean-girl-nail-looks/,DRY-RUN
2026-09-29 09:56:49,912,7 Winter Outfits That Will Make You Look Expensive All Season,https://nailosmetic.com/small-bathroom-makeover-ideas/,https://nailosmetic.com/small-bathroom-ideas/,DRY-RUN
2026-09-29 09:56:49,875,Unlock Glass Skin: 7 K-Beauty Routine Secrets You Need Now,https://nailosmetic.com/front-yard-landscaping-ideas/,https://nailosmetic.com/flower-bed-ideas-front-house/,DRY-RUN
2026-09-29 09:56:49,843,7 Zen-Inducing DIY Fountain Ideas to Transform Your Space,https://nailosmetic.com/spring-nails-french-ideas/,https://nailosmetic.com/french-tip-nail-designs/,DRY-RUN
2026-09-29 09:56:49,733,5 Secrets to Master Effortless Soft Glam Makeup That Slays,https://nailosmetic.com/small-bathroom-makeover-ideas/,https://nailosmetic.com/small-bathroom-ideas/,DRY-RUN
2026-09-29 09:56:49,701,15+ Chic Casual Spring Outfit Ideas for Effortless Style,https://nailosmetic.com/minimalist-clean-girl-nails/,https://nailosmetic.com/clean-girl-nail-looks/,DRY-RUN
2026-09-29 09:56:49,686,12 Chic Hairstyles for Your Ultimate Natural No Makeup Look,https://nailosmetic.com/small-bathroom-makeover-ideas/,https://nailosmetic.com/small-bathroom-ideas/,DRY-RUN
2026-09-29 09:56:49,274,20+ Ravishing Red Nail Designs to Ignite Your Style,https://nailosmetic.com/minimalist-clean-girl-nails/,https://nailosmetic.com/clean-girl-nail-looks/,DRY-RUN
2026-09-29 09:56:49,100,10 Stunning Chrome & Glazed Donut Nail Designs to Try Now,https://nailosmetic.com/minimalist-clean-girl-nails/,https://nailosmetic.com/clean-girl-nail-looks/,DRY-RUN
2026-09-29 10:01:30,3501,bunny makeup look for halloween,https://nailosmetic.com/easy-homecoming-hairstyles/,https://nailosmetic.com/simple-hoco-hairstyles/,APPLIED
2026-09-29 10:01:30,3501,bunny makeup look for halloween,https://nailosmetic.com/hair-styles-for-hoco/,https://nailosmetic.com/simple-hoco-hairstyles/,APPLIED
2026-09-29 10:01:30,3471,Easy Homecoming Hairstyles,https://nailosmetic.com/hair-styles-for-hoco/,https://nailosmetic.com/simple-hoco-hairstyles/,APPLIED
2026-09-29 10:01:30,3376,September Fall Nails,https://nailosmetic.com/pumpkin-spice-nail-designs/,https://nailosmetic.com/fall-pumpkin-nail-designs/,APPLIED
2026-09-29 10:01:30,3343,Fall Nail Inspo Brown,https://nailosmetic.com/pumpkin-spice-nail-designs/,https://nailosmetic.com/fall-pumpkin-nail-designs/,APPLIED
2026-09-29 10:01:30,3343,Fall Nail Inspo Brown,https://nailosmetic.com/fall-nails-brown-chrome/,https://nailosmetic.com/fall-nail-inspo-brown/,APPLIED
2026-09-29 10:01:30,3332,Pumpkin Spice Nail Designs,https://nailosmetic.com/early-autumn-nails/,https://nailosmetic.com/fall-nails-inspo-2026/,APPLIED
2026-09-29 10:01:30,3332,Pumpkin Spice Nail Designs,https://nailosmetic.com/fall-nails-brown-chrome/,https://nailosmetic.com/fall-nail-inspo-brown/,APPLIED
2026-09-29 10:01:30,3322,Fall Nails Brown Chrome,https://nailosmetic.com/early-autumn-nails/,https://nailosmetic.com/fall-nails-inspo-2026/,APPLIED
2026-09-29 10:01:30,2969,September Nail Designs,https://nailosmetic.com/fall-pedicure-ideas/,https://nailosmetic.com/fall-pedicures/,APPLIED
2026-09-29 10:01:30,2958,Nail Inspo September,https://nailosmetic.com/fall-pedicure-ideas/,https://nailosmetic.com/fall-pedicures/,APPLIED
2026-09-29 10:01:30,2636,10 Chic Fall Mantle Decor Ideas to Elevate Your Living Room Aesthetic,https://nailosmetic.com/biophilic-modular-garden-walls-urban-balcony/,https://nailosmetic.com/biophilic-modular-garden-walls-diy-urban-balcony/,APPLIED
2026-09-29 10:01:30,2537,15 Simple Fall Nails That Are Defining Autumn Elegance,https://nailosmetic.com/nail-ideas-fall/,https://nailosmetic.com/fall-themed-nails-simple/,APPLIED
2026-09-29 10:01:30,2320,Striped Nails: 7 Chic Designs You Need to Try for Your Next Manicure,https://nailosmetic.com/halloween-nail-ideas/,https://nailosmetic.com/trendy-halloween-nails/,APPLIED
2026-09-29 10:01:30,1902,7 July Nails Ideas That Are Taking Over Your Feed This Summer,https://nailosmetic.com/bio-adaptive-ph-responsive-gel-manicures/,https://nailosmetic.com/bio-adaptive-ph-responsive-gel-manicure/,APPLIED
2026-09-29 10:01:30,1891,7 Explosive Firework Nails Designs That Are Taking Over Your Feed,https://nailosmetic.com/bio-adaptive-ph-responsive-gel-manicures/,https://nailosmetic.com/bio-adaptive-ph-responsive-gel-manicure/,APPLIED
2026-09-29 10:01:30,1844,7 Viral 4th of July Hair Ideas That Will Own the Fireworks Show,https://nailosmetic.com/bio-synthetic-hybrid-hair-extensions-guide-3/,https://nailosmetic.com/bio-synthetic-hybrid-hair-extensions-guide-2/,APPLIED
2026-09-29 10:01:30,1817,7 Fourth of July Hairstyles That Will Dominate Your Summer Feed,https://nailosmetic.com/bio-synthetic-hybrid-hair-extensions-guide-3/,https://nailosmetic.com/bio-synthetic-hybrid-hair-extensions-guide-2/,APPLIED
2026-09-29 10:01:30,1772,7 Viral Short Fourth of July Nails That Look Expensive,https://nailosmetic.com/4th-of-july-nails-french-tip/,https://nailosmetic.com/french-tip-nail-designs/,APPLIED
2026-09-29 10:01:30,1754,7 Viral 4th of July Nails Simple Ideas That Look Expensive,https://nailosmetic.com/4th-of-july-nails-french-tip/,https://nailosmetic.com/french-tip-nail-designs/,APPLIED
2026-09-29 10:01:30,1160,7 Cozy Living Room Ideas That Will Instantly Upgrade Your Home,https://nailosmetic.com/small-bathroom-makeover-ideas/,https://nailosmetic.com/small-bathroom-ideas/,APPLIED
2026-09-29 10:01:30,1139,Home Decor Ideas: The Ultimate Room-by-Room Style Guide for 2026,https://nailosmetic.com/front-yard-landscaping-ideas/,https://nailosmetic.com/flower-bed-ideas-front-house/,APPLIED
2026-09-29 10:01:30,1139,Home Decor Ideas: The Ultimate Room-by-Room Style Guide for 2026,https://nailosmetic.com/front-yard-landscaping-ideas/,https://nailosmetic.com/flower-bed-ideas-front-house/,APPLIED
2026-09-29 10:01:30,1139,Home Decor Ideas: The Ultimate Room-by-Room Style Guide for 2026,https://nailosmetic.com/front-yard-landscaping-ideas/,https://nailosmetic.com/flower-bed-ideas-front-house/,APPLIED
2026-09-29 10:01:30,1139,Home Decor Ideas: The Ultimate Room-by-Room Style Guide for 2026,https://nailosmetic.com/small-bathroom-makeover-ideas/,https://nailosmetic.com/small-bathroom-ideas/,APPLIED
2026-09-29 10:01:30,1139,Home Decor Ideas: The Ultimate Room-by-Room Style Guide for 2026,https://nailosmetic.com/small-bathroom-makeover-ideas/,https://nailosmetic.com/small-bathroom-ideas/,APPLIED
2026-09-29 10:01:30,1139,Home Decor Ideas: The Ultimate Room-by-Room Style Guide for 2026,https://nailosmetic.com/small-bathroom-makeover-ideas/,https://nailosmetic.com/small-bathroom-ideas/,APPLIED
2026-09-29 10:01:30,1125,9 Viral Back to School Nail Art Trends to Ace Your Semester Style,https://nailosmetic.com/spring-nails-french-ideas/,https://nailosmetic.com/french-tip-nail-designs/,APPLIED
2026-09-29 10:01:30,1113,7 Viral Secrets to Mastering the All White Bedroom Aesthetic,https://nailosmetic.com/small-bathroom-makeover-ideas/,https://nailosmetic.com/small-bathroom-ideas/,APPLIED
2026-09-29 10:01:30,1036,"The Ultimate Guide to Nail Art Designs: Every Style, Trend & Technique for 2026",https://nailosmetic.com/minimalist-clean-girl-nails/,https://nailosmetic.com/clean-girl-nail-looks/,APPLIED
2026-09-29 10:01:30,1036,"The Ultimate Guide to Nail Art Designs: Every Style, Trend & Technique for 2026",https://nailosmetic.com/minimalist-clean-girl-nails/,https://nailosmetic.com/clean-girl-nail-looks/,APPLIED
2026-09-29 10:01:30,1036,"The Ultimate Guide to Nail Art Designs: Every Style, Trend & Technique for 2026",https://nailosmetic.com/minimalist-clean-girl-nails/,https://nailosmetic.com/clean-girl-nail-looks/,APPLIED
2026-09-29 10:01:30,912,7 Winter Outfits That Will Make You Look Expensive All Season,https://nailosmetic.com/small-bathroom-makeover-ideas/,https://nailosmetic.com/small-bathroom-ideas/,APPLIED
2026-09-29 10:01:30,875,Unlock Glass Skin: 7 K-Beauty Routine Secrets You Need Now,https://nailosmetic.com/front-yard-landscaping-ideas/,https://nailosmetic.com/flower-bed-ideas-front-house/,APPLIED
2026-09-29 10:01:30,843,7 Zen-Inducing DIY Fountain Ideas to Transform Your Space,https://nailosmetic.com/spring-nails-french-ideas/,https://nailosmetic.com/french-tip-nail-designs/,APPLIED
2026-09-29 10:01:30,733,5 Secrets to Master Effortless Soft Glam Makeup That Slays,https://nailosmetic.com/small-bathroom-makeover-ideas/,https://nailosmetic.com/small-bathroom-ideas/,APPLIED
2026-09-29 10:01:30,701,15+ Chic Casual Spring Outfit Ideas for Effortless Style,https://nailosmetic.com/minimalist-clean-girl-nails/,https://nailosmetic.com/clean-girl-nail-looks/,APPLIED
2026-09-29 10:01:30,686,12 Chic Hairstyles for Your Ultimate Natural No Makeup Look,https://nailosmetic.com/small-bathroom-makeover-ideas/,https://nailosmetic.com/small-bathroom-ideas/,APPLIED
2026-09-29 10:01:30,274,20+ Ravishing Red Nail Designs to Ignite Your Style,https://nailosmetic.com/minimalist-clean-girl-nails/,https://nailosmetic.com/clean-girl-nail-looks/,APPLIED
2026-09-29 10:01:30,100,10 Stunning Chrome & Glazed Donut Nail Designs to Try Now,https://nailosmetic.com/minimalist-clean-girl-nails/,https://nailosmetic.com/clean-girl-nail-looks/,APPLIED
