source,target,regex,code
/halloween-nail-ideas/,https://nailosmetic.com/trendy-halloween-nails/,0,301
/pumpkin-spice-nail-designs/,https://nailosmetic.com/fall-pumpkin-nail-designs/,0,301
/easy-homecoming-hairstyles/,https://nailosmetic.com/simple-hoco-hairstyles/,0,301
/hair-styles-for-hoco/,https://nailosmetic.com/simple-hoco-hairstyles/,0,301
/early-autumn-nails/,https://nailosmetic.com/fall-nails-inspo-2026/,0,301
/fall-nails-brown-chrome/,https://nailosmetic.com/fall-nail-inspo-brown/,0,301
/nail-ideas-fall/,https://nailosmetic.com/fall-themed-nails-simple/,0,301
/fall-pedicure-ideas/,https://nailosmetic.com/fall-pedicures/,0,301
/bio-adaptive-ph-responsive-gel-manicures/,https://nailosmetic.com/bio-adaptive-ph-responsive-gel-manicure/,0,301
/bio-synthetic-hybrid-hair-extensions-guide-3/,https://nailosmetic.com/bio-synthetic-hybrid-hair-extensions-guide-2/,0,301
/bio-synthetic-hybrid-hair-extensions-guide/,https://nailosmetic.com/bio-synthetic-hybrid-hair-extensions-guide-2/,0,301
/biophilic-modular-garden-walls-urban-balcony/,https://nailosmetic.com/biophilic-modular-garden-walls-diy-urban-balcony/,0,301
/spring-nails-french-ideas/,https://nailosmetic.com/french-tip-nail-designs/,0,301
/4th-of-july-nails-french-tip/,https://nailosmetic.com/french-tip-nail-designs/,0,301
/shaggy-bob-haircut-ideas/,https://nailosmetic.com/shaggy-bob-haircut-for-90s-aesthetic/,0,301
/shaggy-bob-haircut-ideas-2/,https://nailosmetic.com/shaggy-bob-haircut-for-90s-aesthetic/,0,301
/minimalist-clean-girl-nails/,https://nailosmetic.com/clean-girl-nail-looks/,0,301
/front-yard-landscaping-ideas/,https://nailosmetic.com/flower-bed-ideas-front-house/,0,301
/small-bathroom-makeover-ideas/,https://nailosmetic.com/small-bathroom-ideas/,0,301
/3d-nail-art-designs/,https://nailosmetic.com/creative-3d-aesthetic-nail-art/,0,301
