timestamp,post_id,slug,link,old_title,new_title,status,http_status,error
2026-09-28 22:35:20,3398,hoco-half-up-half-down-hair,https://nailosmetic.com/hoco-half-up-half-down-hair/,hoco half up half down hair,Hoco Half Up Half Down Hair,SUCCESS,200,
2026-09-28 22:35:25,2814,nails-for-september,https://nailosmetic.com/nails-for-september/,nails for september,Nails for September,SUCCESS,200,
2026-09-28 22:35:30,3250,pumpkin-spice-latte-makeup-look,https://nailosmetic.com/pumpkin-spice-latte-makeup-look/,pumpkin spice latte makeup look,Pumpkin Spice Latte Makeup Look,SUCCESS,200,
2026-09-28 22:35:34,2823,september-nail-inspo,https://nailosmetic.com/september-nail-inspo/,september nail inspo,September Nail Inspo,SUCCESS,200,
2026-09-28 22:35:39,2835,lowlights-and-highlights-for-aging-hair,https://nailosmetic.com/lowlights-and-highlights-for-aging-hair/,lowlights and highlights for aging hair,Lowlights and Highlights for Aging Hair,SUCCESS,200,
2026-09-28 22:35:43,2846,edgy-alt-haircuts-for-women,https://nailosmetic.com/edgy-alt-haircuts-for-women/,edgy alt haircuts for women,Edgy Alt Haircuts for Women,SUCCESS,200,
2026-09-28 22:35:50,2855,shaggy-bob-haircut-for-90s-aesthetic,https://nailosmetic.com/shaggy-bob-haircut-for-90s-aesthetic/,shaggy bob haircut for 90s aesthetic,Shaggy Bob Haircut for 90s Aesthetic,SUCCESS,200,
2026-09-28 22:35:54,2864,september-nails-ideas,https://nailosmetic.com/september-nails-ideas/,september nails ideas,September Nails Ideas,SUCCESS,200,
2026-09-28 22:35:59,2873,colorful-y2k-nail-art-for-summer,https://nailosmetic.com/colorful-y2k-nail-art-for-summer/,colorful y2k nail art for summer,Colorful Y2K Nail Art for Summer,SUCCESS,200,
2026-09-28 22:36:03,2882,kesha-makeup,https://nailosmetic.com/kesha-makeup/,kesha makeup,Kesha Makeup,SUCCESS,200,
2026-09-28 22:36:08,2892,simple-september-nails,https://nailosmetic.com/simple-september-nails/,simple september nails,Simple September Nails,SUCCESS,200,
2026-09-28 22:36:14,2904,transition-nails-summer-to-fall,https://nailosmetic.com/transition-nails-summer-to-fall/,transition nails summer to fall,Transition Nails Summer to Fall,SUCCESS,200,
2026-09-28 22:36:17,2915,nail-ideas-september,https://nailosmetic.com/nail-ideas-september/,nail ideas september,Nail Ideas September,SUCCESS,200,
2026-09-28 22:36:21,2926,bandana-hair-styles-for-bad-hair-days,https://nailosmetic.com/bandana-hair-styles-for-bad-hair-days/,bandana hair styles for bad hair days,Bandana Hair Styles for Bad Hair Days,SUCCESS,200,
2026-09-28 22:36:25,2938,wedding-updo-ideas-for-boho-style,https://nailosmetic.com/wedding-updo-ideas-for-boho-style/,wedding updo ideas for boho style,Wedding Updo Ideas for Boho Style,SUCCESS,200,
2026-09-28 22:36:29,2948,fall-pedicure-ideas,https://nailosmetic.com/fall-pedicure-ideas/,fall pedicure ideas,Fall Pedicure Ideas,SUCCESS,200,
2026-09-28 22:36:32,2958,nail-inspo-september,https://nailosmetic.com/nail-inspo-september/,nail inspo september,Nail Inspo September,SUCCESS,200,
2026-09-28 22:36:37,2969,september-nail-designs,https://nailosmetic.com/september-nail-designs/,september nail designs,September Nail Designs,SUCCESS,200,
2026-09-28 22:36:40,2982,summer-into-fall-nails,https://nailosmetic.com/summer-into-fall-nails/,summer into fall nails,Summer Into Fall Nails,SUCCESS,200,
2026-09-28 22:36:42,2991,butterfly-clips-hairstyles-for-short-hair,https://nailosmetic.com/butterfly-clips-hairstyles-for-short-hair/,butterfly clips hairstyles for short hair,Butterfly Clips Hairstyles for Short Hair,SUCCESS,200,
2026-09-28 22:36:46,3001,dolly-parton-makeup,https://nailosmetic.com/dolly-parton-makeup/,dolly parton makeup,Dolly Parton Makeup,SUCCESS,200,
2026-09-28 22:36:51,3013,early-september-nails,https://nailosmetic.com/early-september-nails/,early september nails,Early September Nails,SUCCESS,200,
2026-09-28 22:36:53,3021,back-to-school-makeup-for-teens,https://nailosmetic.com/back-to-school-makeup-for-teens/,back to school makeup for teens,Back to School Makeup for Teens,SUCCESS,200,
2026-09-28 22:36:56,3030,fall-pink-nails,https://nailosmetic.com/fall-pink-nails/,fall pink nails,Fall Pink Nails,SUCCESS,200,
2026-09-28 22:37:01,3040,fall-chalkboard,https://nailosmetic.com/fall-chalkboard/,fall chalkboard,Fall Chalkboard,SUCCESS,200,
2026-09-28 22:37:10,3052,september-nails-square,https://nailosmetic.com/september-nails-square/,september nails square,September Nails Square,SUCCESS,200,
2026-09-28 22:37:15,3065,fall-nails-2026-color-trends,https://nailosmetic.com/fall-nails-2026-color-trends/,fall nails 2026 color trends,Fall Nails 2026 Color Trends,SUCCESS,200,
2026-09-28 22:37:20,3079,september-nails-2026,https://nailosmetic.com/september-nails-2026/,september nails 2026,September Nails 2026,SUCCESS,200,
2026-09-28 22:37:25,3090,september-2026-nails,https://nailosmetic.com/september-2026-nails/,september 2026 nails,September 2026 Nails,SUCCESS,200,
2026-09-28 22:37:29,3101,september-toe-nails-color,https://nailosmetic.com/september-toe-nails-color/,september toe nails color,September Toe Nails Color,SUCCESS,200,
2026-09-28 22:37:34,3111,fall-nail-colors-2026,https://nailosmetic.com/fall-nail-colors-2026/,fall nail colors 2026,Fall Nail Colors 2026,SUCCESS,200,
2026-09-28 22:37:38,3123,fall-themed-nails-simple,https://nailosmetic.com/fall-themed-nails-simple/,fall themed nails simple,Fall Themed Nails Simple,SUCCESS,200,
2026-09-28 22:37:42,3133,bedazzling-ideas,https://nailosmetic.com/bedazzling-ideas/,bedazzling ideas,Bedazzling Ideas,SUCCESS,200,
2026-09-28 22:37:50,3144,spooky-cute-skull-makeup-easy,https://nailosmetic.com/spooky-cute-skull-makeup-easy/,spooky cute skull makeup easy,Spooky Cute Skull Makeup Easy,SUCCESS,200,
2026-09-28 22:37:55,3156,fall-gel-nails,https://nailosmetic.com/fall-gel-nails/,fall gel nails,Fall Gel Nails,SUCCESS,200,
2026-09-28 22:37:58,3163,ghostly-porcelain-skin-makeup-tutorial,https://nailosmetic.com/ghostly-porcelain-skin-makeup-tutorial/,ghostly porcelain skin makeup tutorial,Ghostly Porcelain Skin Makeup Tutorial,SUCCESS,200,
2026-09-28 22:38:01,3173,classy-fall-nails,https://nailosmetic.com/classy-fall-nails/,classy fall nails,Classy Fall Nails,SUCCESS,200,
2026-09-28 22:38:06,3186,cute-nails-for-fall,https://nailosmetic.com/cute-nails-for-fall/,cute nails for fall,Cute Nails for Fall,SUCCESS,200,
2026-09-28 22:38:10,3207,fall-blue-nails,https://nailosmetic.com/fall-blue-nails/,fall blue nails,Fall Blue Nails,SUCCESS,200,
2026-09-28 22:38:19,3218,cute-fall-almond-nails,https://nailosmetic.com/cute-fall-almond-nails/,cute fall almond nails,Cute Fall Almond Nails,SUCCESS,200,
2026-09-28 22:38:29,3228,fall-french-tip,https://nailosmetic.com/fall-french-tip/,fall french tip,Fall French Tip,SUCCESS,200,
2026-09-28 22:38:31,3239,fall-pedicures,https://nailosmetic.com/fall-pedicures/,fall pedicures,Fall Pedicures,ERROR,,"('Connection aborted.', RemoteDisconnected('Remote end closed connection without response'))"
2026-09-28 22:38:42,3261,fall-sunflower-nails,https://nailosmetic.com/fall-sunflower-nails/,fall sunflower nails,Fall Sunflower Nails,SUCCESS,200,
2026-09-28 22:38:46,3272,fall-table-centerpieces,https://nailosmetic.com/fall-table-centerpieces/,fall table centerpieces,Fall Table Centerpieces,SUCCESS,200,
2026-09-28 22:38:50,3281,fall-checkered-nails,https://nailosmetic.com/fall-checkered-nails/,fall checkered nails,Fall Checkered Nails,SUCCESS,200,
2026-09-28 22:38:53,3290,creative-halloween-makeup-2026,https://nailosmetic.com/creative-halloween-makeup-2026/,creative halloween makeup 2026,Creative Halloween Makeup 2026,SUCCESS,200,
2026-09-28 22:38:58,3302,fall-nails-september,https://nailosmetic.com/fall-nails-september/,fall nails september,Fall Nails September,SUCCESS,200,
2026-09-28 22:39:00,3312,early-autumn-nails,https://nailosmetic.com/early-autumn-nails/,early autumn nails,Early Autumn Nails,SUCCESS,200,
2026-09-28 22:39:03,3322,fall-nails-brown-chrome,https://nailosmetic.com/fall-nails-brown-chrome/,fall nails brown chrome,Fall Nails Brown Chrome,SUCCESS,200,
2026-09-28 22:39:10,3332,pumpkin-spice-nail-designs,https://nailosmetic.com/pumpkin-spice-nail-designs/,pumpkin spice nail designs,Pumpkin Spice Nail Designs,SUCCESS,200,
2026-09-28 22:39:16,3343,fall-nail-inspo-brown,https://nailosmetic.com/fall-nail-inspo-brown/,fall nail inspo brown,Fall Nail Inspo Brown,SUCCESS,200,
2026-09-28 22:39:20,3354,halloween-window-painting,https://nailosmetic.com/halloween-window-painting/,halloween window painting,Halloween Window Painting,SUCCESS,200,
2026-09-28 22:39:25,3363,hoco-makeup-inspo,https://nailosmetic.com/hoco-makeup-inspo/,hoco makeup inspo,Hoco Makeup Inspo,SUCCESS,200,
2026-09-28 22:39:41,3376,september-fall-nails,https://nailosmetic.com/september-fall-nails/,september fall nails,September Fall Nails,SUCCESS,200,
2026-09-28 22:39:50,3385,curly-hoco-hairstyles,https://nailosmetic.com/curly-hoco-hairstyles/,curly hoco hairstyles,Curly Hoco Hairstyles,SUCCESS,200,
2026-09-28 22:39:57,3393,hoco-makeup-tutorial,https://nailosmetic.com/hoco-makeup-tutorial/,hoco makeup tutorial,Hoco Makeup Tutorial,SUCCESS,200,
2026-09-28 22:40:00,3408,fall-nails-inspo-2026,https://nailosmetic.com/fall-nails-inspo-2026/,fall nails inspo 2026,Fall Nails Inspo 2026,SUCCESS,200,
2026-09-28 22:40:05,3415,simple-hoco-hairstyles,https://nailosmetic.com/simple-hoco-hairstyles/,simple hoco hairstyles,Simple Hoco Hairstyles,SUCCESS,200,
2026-09-28 22:40:10,3423,trendy-halloween-nails,https://nailosmetic.com/trendy-halloween-nails/,trendy halloween nails,Trendy Halloween Nails,SUCCESS,200,
2026-09-28 22:40:12,3434,hair-styles-for-hoco,https://nailosmetic.com/hair-styles-for-hoco/,hair styles for hoco,Hair Styles for Hoco,SUCCESS,200,
2026-09-28 22:40:16,3447,fall-pumpkin-nail-designs,https://nailosmetic.com/fall-pumpkin-nail-designs/,fall pumpkin nail designs,Fall Pumpkin Nail Designs,SUCCESS,200,
2026-09-28 22:40:22,3460,fall-funky-nails,https://nailosmetic.com/fall-funky-nails/,fall funky nails,Fall Funky Nails,SUCCESS,200,
2026-09-28 22:40:25,3471,easy-homecoming-hairstyles,https://nailosmetic.com/easy-homecoming-hairstyles/,easy homecoming hairstyles,Easy Homecoming Hairstyles,SUCCESS,200,
2026-09-28 22:40:28,3481,fall-nails-red-burgundy,https://nailosmetic.com/fall-nails-red-burgundy/,fall nails red burgundy,Fall Nails Red Burgundy,SUCCESS,200,
2026-09-28 22:40:34,3490,fall-cat-eye-nail-designs,https://nailosmetic.com/fall-cat-eye-nail-designs/,fall cat eye nail designs,Fall Cat Eye Nail Designs,SUCCESS,200,
2026-09-28 22:40:39,3198,fall-aura-nails,https://nailosmetic.com/fall-aura-nails/,fall aura nails,Fall Aura Nails,SUCCESS,200,
2026-09-28 22:41:12,3239,fall-pedicures,https://nailosmetic.com/fall-pedicures/,fall pedicures,Fall Pedicures,SUCCESS,200,
